Workbook

Sheet 1
A1: PT Talenta Bumi | I1: MRG
A2: REKAPITULASI COAL HAULING DARI PT. MERGE MINING INDUSTRI KE PELABUHAN | K2: TIMBANGAN MERGE (KG)
A3: TGL : | B3: 46143
A4: No | B4: Ticket No | C4: Unit ID | D4: Date Out | E4: Time Out | F4: Shipper | G4: Gross | H4: Tare | I4: Netto | K4: ID Slip Timbangan | L4: Gross | M4: Tare | N4: Netto
A5: 1 | I5: =G5-H5 -> 0 | N5: =L5-M5 -> 0 | O5: =G5-L5 -> 0 | P5: =H5-M5 -> 0 | Q5: =I5-N5 -> 0
A6: =A5+1 -> 2 | I6: =G6-H6 -> 0 | N6: =L6-M6 -> 0 | O6: =G6-L6 -> 0 | P6: =H6-M6 -> 0 | Q6: =I6-N6 -> 0
A7: =A6+1 -> 3 | I7: =G7-H7 -> 0 | N7: =L7-M7 -> 0 | O7: =G7-L7 -> 0 | P7: =H7-M7 -> 0 | Q7: =I7-N7 -> 0
A8: =A7+1 -> 4 | I8: =G8-H8 -> 0 | N8: =L8-M8 -> 0 | O8: =G8-L8 -> 0 | P8: =H8-M8 -> 0 | Q8: =I8-N8 -> 0
A9: =A8+1 -> 5 | I9: =G9-H9 -> 0 | N9: =L9-M9 -> 0 | O9: =G9-L9 -> 0 | P9: =H9-M9 -> 0 | Q9: =I9-N9 -> 0
A10: =A9+1 -> 6 | I10: =G10-H10 -> 0 | N10: =L10-M10 -> 0 | O10: =G10-L10 -> 0 | P10: =H10-M10 -> 0 | Q10: =I10-N10 -> 0
A11: =A10+1 -> 7 | I11: =G11-H11 -> 0 | N11: =L11-M11 -> 0 | O11: =G11-L11 -> 0 | P11: =H11-M11 -> 0 | Q11: =I11-N11 -> 0
A12: =A11+1 -> 8 | I12: =G12-H12 -> 0 | N12: =L12-M12 -> 0 | O12: =G12-L12 -> 0 | P12: =H12-M12 -> 0 | Q12: =I12-N12 -> 0
A13: =A12+1 -> 9 | I13: =G13-H13 -> 0 | N13: =L13-M13 -> 0 | O13: =G13-L13 -> 0 | P13: =H13-M13 -> 0 | Q13: =I13-N13 -> 0
A14: =A13+1 -> 10 | I14: =G14-H14 -> 0 | N14: =L14-M14 -> 0 | O14: =G14-L14 -> 0 | P14: =H14-M14 -> 0 | Q14: =I14-N14 -> 0
A15: =A14+1 -> 11 | I15: =G15-H15 -> 0 | N15: =L15-M15 -> 0 | O15: =G15-L15 -> 0 | P15: =H15-M15 -> 0 | Q15: =I15-N15 -> 0
A16: =A15+1 -> 12 | I16: =G16-H16 -> 0 | N16: =L16-M16 -> 0 | O16: =G16-L16 -> 0 | P16: =H16-M16 -> 0 | Q16: =I16-N16 -> 0
A17: =A16+1 -> 13 | I17: =G17-H17 -> 0 | N17: =L17-M17 -> 0 | O17: =G17-L17 -> 0 | P17: =H17-M17 -> 0 | Q17: =I17-N17 -> 0
... A175: =A174+1 -> 171 | I175: =G175-H175 -> 0 | N175: =L175-M175 -> 0 | O175: =G175-L175 -> 0 | P175: =H175-M175 -> 0 | Q175: =I175-N175 -> 0
G177: Total | H177: =COUNTIF(I5:I175,">0") -> 0 | I177: =SUM(I5:I175)/1000 -> 0 | M177: Total | N177: =SUM(N5:N175)/1000 -> 0 | P177: Deviasi | Q177: =I177-N177 -> 0
Q178: =Q177/N177 -> #DIV/0!
A180: Dibuat oleh : | G180: Diperiksa dan disetujui oleh :
A181: PT Talenta Bumi | G181: PT Merge Mining Industri
A186: Syarfiatul Uzma | H186: Syella Wu
A187: Staff Engineering | H187: Finance & Accounting

Sheet 2
A1: PT Talenta Bumi | I1: MRG
A2: REKAPITULASI COAL HAULING DARI PT. MERGE MINING INDUSTRI KE PELABUHAN | K2: TIMBANGAN MERGE (KG)
A3: TGL : | B3: ='1'!B3+1 -> 46144
A4: No | B4: Ticket No | C4: Unit ID | D4: Date Out | E4: Time Out | F4: Shipper | G4: Gross | H4: Tare | I4: Netto | K4: ID Slip Timbangan | L4: Gross | M4: Tare | N4: Netto
A5: 1 | I5: =G5-H5 -> 0 | N5: =L5-M5 -> 0 | O5: =G5-L5 -> 0 | P5: =H5-M5 -> 0 | Q5: =I5-N5 -> 0
A6: =A5+1 -> 2 | I6: =G6-H6 -> 0 | N6: =L6-M6 -> 0 | O6: =G6-L6 -> 0 | P6: =H6-M6 -> 0 | Q6: =I6-N6 -> 0
A7: =A6+1 -> 3 | I7: =G7-H7 -> 0 | N7: =L7-M7 -> 0 | O7: =G7-L7 -> 0 | P7: =H7-M7 -> 0 | Q7: =I7-N7 -> 0
A8: =A7+1 -> 4 | I8: =G8-H8 -> 0 | N8: =L8-M8 -> 0 | O8: =G8-L8 -> 0 | P8: =H8-M8 -> 0 | Q8: =I8-N8 -> 0
A9: =A8+1 -> 5 | I9: =G9-H9 -> 0 | N9: =L9-M9 -> 0 | O9: =G9-L9 -> 0 | P9: =H9-M9 -> 0 | Q9: =I9-N9 -> 0
A10: =A9+1 -> 6 | I10: =G10-H10 -> 0 | N10: =L10-M10 -> 0 | O10: =G10-L10 -> 0 | P10: =H10-M10 -> 0 | Q10: =I10-N10 -> 0
A11: =A10+1 -> 7 | I11: =G11-H11 -> 0 | N11: =L11-M11 -> 0 | O11: =G11-L11 -> 0 | P11: =H11-M11 -> 0 | Q11: =I11-N11 -> 0
A12: =A11+1 -> 8 | I12: =G12-H12 -> 0 | N12: =L12-M12 -> 0 | O12: =G12-L12 -> 0 | P12: =H12-M12 -> 0 | Q12: =I12-N12 -> 0
A13: =A12+1 -> 9 | I13: =G13-H13 -> 0 | N13: =L13-M13 -> 0 | O13: =G13-L13 -> 0 | P13: =H13-M13 -> 0 | Q13: =I13-N13 -> 0
A14: =A13+1 -> 10 | I14: =G14-H14 -> 0 | N14: =L14-M14 -> 0 | O14: =G14-L14 -> 0 | P14: =H14-M14 -> 0 | Q14: =I14-N14 -> 0
A15: =A14+1 -> 11 | I15: =G15-H15 -> 0 | N15: =L15-M15 -> 0 | O15: =G15-L15 -> 0 | P15: =H15-M15 -> 0 | Q15: =I15-N15 -> 0
A16: =A15+1 -> 12 | I16: =G16-H16 -> 0 | N16: =L16-M16 -> 0 | O16: =G16-L16 -> 0 | P16: =H16-M16 -> 0 | Q16: =I16-N16 -> 0
A17: =A16+1 -> 13 | I17: =G17-H17 -> 0 | N17: =L17-M17 -> 0 | O17: =G17-L17 -> 0 | P17: =H17-M17 -> 0 | Q17: =I17-N17 -> 0
... A204: =A203+1 -> 200 | I204: =G204-H204 -> 0 | N204: =L204-M204 -> 0 | O204: =G204-L204 -> 0 | P204: =H204-M204 -> 0 | Q204: =I204-N204 -> 0
G206: Total | H206: =COUNTIF(I5:I204,">0") -> 0 | I206: =SUM(I5:I204)/1000 -> 0 | M206: Total | N206: =SUM(N5:N204)/1000 -> 0 | P206: Deviasi | Q206: =I206-N206 -> 0
Q207: =Q206/N206 -> #DIV/0!
A209: Dibuat oleh : | G209: Diperiksa dan disetujui oleh :
A210: PT Talenta Bumi | G210: PT Merge Mining Industri
A215: Syarfiatul Uzma | H215: Syella Wu
A216: Staff Engineering | H216: Finance & Accounting

Sheet 3
A1: PT Talenta Bumi | I1: MRG
A2: REKAPITULASI COAL HAULING DARI PT. MERGE MINING INDUSTRI KE PELABUHAN | K2: TIMBANGAN MERGE (KG)
A3: TGL : | B3: ='2'!B3+1 -> 46145
A4: No | B4: Ticket No | C4: Unit ID | D4: Date Out | E4: Time Out | F4: Shipper | G4: Gross | H4: Tare | I4: Netto | K4: ID Slip Timbangan | L4: Gross | M4: Tare | N4: Netto
A5: 1 | I5: =G5-H5 -> 0 | N5: =L5-M5 -> 0 | O5: =G5-L5 -> 0 | P5: =H5-M5 -> 0 | Q5: =I5-N5 -> 0
A6: =A5+1 -> 2 | I6: =G6-H6 -> 0 | N6: =L6-M6 -> 0 | O6: =G6-L6 -> 0 | P6: =H6-M6 -> 0 | Q6: =I6-N6 -> 0
A7: =A6+1 -> 3 | I7: =G7-H7 -> 0 | N7: =L7-M7 -> 0 | O7: =G7-L7 -> 0 | P7: =H7-M7 -> 0 | Q7: =I7-N7 -> 0
A8: =A7+1 -> 4 | I8: =G8-H8 -> 0 | N8: =L8-M8 -> 0 | O8: =G8-L8 -> 0 | P8: =H8-M8 -> 0 | Q8: =I8-N8 -> 0
A9: =A8+1 -> 5 | I9: =G9-H9 -> 0 | N9: =L9-M9 -> 0 | O9: =G9-L9 -> 0 | P9: =H9-M9 -> 0 | Q9: =I9-N9 -> 0
A10: =A9+1 -> 6 | I10: =G10-H10 -> 0 | N10: =L10-M10 -> 0 | O10: =G10-L10 -> 0 | P10: =H10-M10 -> 0 | Q10: =I10-N10 -> 0
A11: =A10+1 -> 7 | I11: =G11-H11 -> 0 | N11: =L11-M11 -> 0 | O11: =G11-L11 -> 0 | P11: =H11-M11 -> 0 | Q11: =I11-N11 -> 0
A12: =A11+1 -> 8 | I12: =G12-H12 -> 0 | N12: =L12-M12 -> 0 | O12: =G12-L12 -> 0 | P12: =H12-M12 -> 0 | Q12: =I12-N12 -> 0
A13: =A12+1 -> 9 | I13: =G13-H13 -> 0 | N13: =L13-M13 -> 0 | O13: =G13-L13 -> 0 | P13: =H13-M13 -> 0 | Q13: =I13-N13 -> 0
A14: =A13+1 -> 10 | I14: =G14-H14 -> 0 | N14: =L14-M14 -> 0 | O14: =G14-L14 -> 0 | P14: =H14-M14 -> 0 | Q14: =I14-N14 -> 0
A15: =A14+1 -> 11 | I15: =G15-H15 -> 0 | N15: =L15-M15 -> 0 | O15: =G15-L15 -> 0 | P15: =H15-M15 -> 0 | Q15: =I15-N15 -> 0
A16: =A15+1 -> 12 | I16: =G16-H16 -> 0 | N16: =L16-M16 -> 0 | O16: =G16-L16 -> 0 | P16: =H16-M16 -> 0 | Q16: =I16-N16 -> 0
A17: =A16+1 -> 13 | I17: =G17-H17 -> 0 | N17: =L17-M17 -> 0 | O17: =G17-L17 -> 0 | P17: =H17-M17 -> 0 | Q17: =I17-N17 -> 0
... A204: =A203+1 -> 200 | I204: =G204-H204 -> 0 | N204: =L204-M204 -> 0 | O204: =G204-L204 -> 0 | P204: =H204-M204 -> 0 | Q204: =I204-N204 -> 0
G206: Total | H206: =COUNTIF(I5:I204,">0") -> 0 | I206: =SUM(I5:I204)/1000 -> 0 | M206: Total | N206: =SUM(N5:N204)/1000 -> 0 | P206: Deviasi | Q206: =I206-N206 -> 0
Q207: =Q206/N206 -> #DIV/0!
A209: Dibuat oleh : | G209: Diperiksa dan disetujui oleh :
A210: PT Talenta Bumi | G210: PT Merge Mining Industri
A215: Syarfiatul Uzma | H215: Syella Wu
A216: Staff Engineering | H216: Finance & Accounting

Sheet 4
A1: PT Talenta Bumi | I1: MRG
A2: REKAPITULASI COAL HAULING DARI PT. MERGE MINING INDUSTRI KE PELABUHAN | K2: TIMBANGAN MERGE (KG)
A3: TGL : | B3: ='3'!B3+1 -> 46146
A4: No | B4: Ticket No | C4: Unit ID | D4: Date Out | E4: Time Out | F4: Shipper | G4: Gross | H4: Tare | I4: Netto | K4: ID Slip Timbangan | L4: Gross | M4: Tare | N4: Netto
A5: 1 | I5: =G5-H5 -> 0 | N5: =L5-M5 -> 0 | O5: =G5-L5 -> 0 | P5: =H5-M5 -> 0 | Q5: =I5-N5 -> 0
A6: =A5+1 -> 2 | I6: =G6-H6 -> 0 | N6: =L6-M6 -> 0 | O6: =G6-L6 -> 0 | P6: =H6-M6 -> 0 | Q6: =I6-N6 -> 0
A7: =A6+1 -> 3 | I7: =G7-H7 -> 0 | N7: =L7-M7 -> 0 | O7: =G7-L7 -> 0 | P7: =H7-M7 -> 0 | Q7: =I7-N7 -> 0
A8: =A7+1 -> 4 | I8: =G8-H8 -> 0 | N8: =L8-M8 -> 0 | O8: =G8-L8 -> 0 | P8: =H8-M8 -> 0 | Q8: =I8-N8 -> 0
A9: =A8+1 -> 5 | I9: =G9-H9 -> 0 | N9: =L9-M9 -> 0 | O9: =G9-L9 -> 0 | P9: =H9-M9 -> 0 | Q9: =I9-N9 -> 0
A10: =A9+1 -> 6 | I10: =G10-H10 -> 0 | N10: =L10-M10 -> 0 | O10: =G10-L10 -> 0 | P10: =H10-M10 -> 0 | Q10: =I10-N10 -> 0
A11: =A10+1 -> 7 | I11: =G11-H11 -> 0 | N11: =L11-M11 -> 0 | O11: =G11-L11 -> 0 | P11: =H11-M11 -> 0 | Q11: =I11-N11 -> 0
A12: =A11+1 -> 8 | I12: =G12-H12 -> 0 | N12: =L12-M12 -> 0 | O12: =G12-L12 -> 0 | P12: =H12-M12 -> 0 | Q12: =I12-N12 -> 0
A13: =A12+1 -> 9 | I13: =G13-H13 -> 0 | N13: =L13-M13 -> 0 | O13: =G13-L13 -> 0 | P13: =H13-M13 -> 0 | Q13: =I13-N13 -> 0
A14: =A13+1 -> 10 | I14: =G14-H14 -> 0 | N14: =L14-M14 -> 0 | O14: =G14-L14 -> 0 | P14: =H14-M14 -> 0 | Q14: =I14-N14 -> 0
A15: =A14+1 -> 11 | I15: =G15-H15 -> 0 | N15: =L15-M15 -> 0 | O15: =G15-L15 -> 0 | P15: =H15-M15 -> 0 | Q15: =I15-N15 -> 0
A16: =A15+1 -> 12 | I16: =G16-H16 -> 0 | N16: =L16-M16 -> 0 | O16: =G16-L16 -> 0 | P16: =H16-M16 -> 0 | Q16: =I16-N16 -> 0
A17: =A16+1 -> 13 | I17: =G17-H17 -> 0 | N17: =L17-M17 -> 0 | O17: =G17-L17 -> 0 | P17: =H17-M17 -> 0 | Q17: =I17-N17 -> 0
... A204: =A203+1 -> 200 | I204: =G204-H204 -> 0 | N204: =L204-M204 -> 0 | O204: =G204-L204 -> 0 | P204: =H204-M204 -> 0 | Q204: =I204-N204 -> 0
G206: Total | H206: =COUNTIF(I5:I204,">0") -> 0 | I206: =SUM(I5:I204)/1000 -> 0 | M206: Total | N206: =SUM(N5:N204)/1000 -> 0 | P206: Deviasi | Q206: =I206-N206 -> 0
Q207: =Q206/N206 -> #DIV/0!
A209: Dibuat oleh : | G209: Diperiksa dan disetujui oleh :
A210: PT Talenta Bumi | G210: PT Merge Mining Industri
A215: Syarfiatul Uzma | H215: Syella Wu
A216: Staff Engineering | H216: Finance & Accounting

Sheet 5
A1: PT Talenta Bumi | I1: MRG
A2: REKAPITULASI COAL HAULING DARI PT. MERGE MINING INDUSTRI KE PELABUHAN | K2: TIMBANGAN MERGE (KG)
A3: TGL : | B3: ='4'!B3+1 -> 46147
A4: No | B4: Ticket No | C4: Unit ID | D4: Date Out | E4: Time Out | F4: Shipper | G4: Gross | H4: Tare | I4: Netto | K4: ID Slip Timbangan | L4: Gross | M4: Tare | N4: Netto
A5: 1 | I5: =G5-H5 -> 0 | N5: =L5-M5 -> 0 | O5: =G5-L5 -> 0 | P5: =H5-M5 -> 0 | Q5: =I5-N5 -> 0
A6: =A5+1 -> 2 | I6: =G6-H6 -> 0 | N6: =L6-M6 -> 0 | O6: =G6-L6 -> 0 | P6: =H6-M6 -> 0 | Q6: =I6-N6 -> 0
A7: =A6+1 -> 3 | I7: =G7-H7 -> 0 | N7: =L7-M7 -> 0 | O7: =G7-L7 -> 0 | P7: =H7-M7 -> 0 | Q7: =I7-N7 -> 0
A8: =A7+1 -> 4 | I8: =G8-H8 -> 0 | N8: =L8-M8 -> 0 | O8: =G8-L8 -> 0 | P8: =H8-M8 -> 0 | Q8: =I8-N8 -> 0
A9: =A8+1 -> 5 | I9: =G9-H9 -> 0 | N9: =L9-M9 -> 0 | O9: =G9-L9 -> 0 | P9: =H9-M9 -> 0 | Q9: =I9-N9 -> 0
A10: =A9+1 -> 6 | I10: =G10-H10 -> 0 | N10: =L10-M10 -> 0 | O10: =G10-L10 -> 0 | P10: =H10-M10 -> 0 | Q10: =I10-N10 -> 0
A11: =A10+1 -> 7 | I11: =G11-H11 -> 0 | N11: =L11-M11 -> 0 | O11: =G11-L11 -> 0 | P11: =H11-M11 -> 0 | Q11: =I11-N11 -> 0
A12: =A11+1 -> 8 | I12: =G12-H12 -> 0 | N12: =L12-M12 -> 0 | O12: =G12-L12 -> 0 | P12: =H12-M12 -> 0 | Q12: =I12-N12 -> 0
A13: =A12+1 -> 9 | I13: =G13-H13 -> 0 | N13: =L13-M13 -> 0 | O13: =G13-L13 -> 0 | P13: =H13-M13 -> 0 | Q13: =I13-N13 -> 0
A14: =A13+1 -> 10 | I14: =G14-H14 -> 0 | N14: =L14-M14 -> 0 | O14: =G14-L14 -> 0 | P14: =H14-M14 -> 0 | Q14: =I14-N14 -> 0
A15: =A14+1 -> 11 | I15: =G15-H15 -> 0 | N15: =L15-M15 -> 0 | O15: =G15-L15 -> 0 | P15: =H15-M15 -> 0 | Q15: =I15-N15 -> 0
A16: =A15+1 -> 12 | I16: =G16-H16 -> 0 | N16: =L16-M16 -> 0 | O16: =G16-L16 -> 0 | P16: =H16-M16 -> 0 | Q16: =I16-N16 -> 0
A17: =A16+1 -> 13 | I17: =G17-H17 -> 0 | N17: =L17-M17 -> 0 | O17: =G17-L17 -> 0 | P17: =H17-M17 -> 0 | Q17: =I17-N17 -> 0
... A204: =A203+1 -> 200 | I204: =G204-H204 -> 0 | N204: =L204-M204 -> 0 | O204: =G204-L204 -> 0 | P204: =H204-M204 -> 0 | Q204: =I204-N204 -> 0
G206: Total | H206: =COUNTIF(I5:I204,">0") -> 0 | I206: =SUM(I5:I204)/1000 -> 0 | M206: Total | N206: =SUM(N5:N204)/1000 -> 0 | P206: Deviasi | Q206: =I206-N206 -> 0
Q207: =Q206/N206 -> #DIV/0!
A209: Dibuat oleh : | G209: Diperiksa dan disetujui oleh :
A210: PT Talenta Bumi | G210: PT Merge Mining Industri
A215: Syarfiatul Uzma | H215: Syella Wu
A216: Staff Engineering | H216: Finance & Accounting

Sheet 6
A1: PT Talenta Bumi | I1: MRG
A2: REKAPITULASI COAL HAULING DARI PT. MERGE MINING INDUSTRI KE PELABUHAN | K2: TIMBANGAN MERGE (KG)
A3: TGL : | B3: ='5'!B3+1 -> 46148
A4: No | B4: Ticket No | C4: Unit ID | D4: Date Out | E4: Time Out | F4: Shipper | G4: Gross | H4: Tare | I4: Netto | K4: ID Slip Timbangan | L4: Gross | M4: Tare | N4: Netto
A5: 1 | I5: =G5-H5 -> 0 | N5: =L5-M5 -> 0 | O5: =G5-L5 -> 0 | P5: =H5-M5 -> 0 | Q5: =I5-N5 -> 0
A6: =A5+1 -> 2 | I6: =G6-H6 -> 0 | N6: =L6-M6 -> 0 | O6: =G6-L6 -> 0 | P6: =H6-M6 -> 0 | Q6: =I6-N6 -> 0
A7: =A6+1 -> 3 | I7: =G7-H7 -> 0 | N7: =L7-M7 -> 0 | O7: =G7-L7 -> 0 | P7: =H7-M7 -> 0 | Q7: =I7-N7 -> 0
A8: =A7+1 -> 4 | I8: =G8-H8 -> 0 | N8: =L8-M8 -> 0 | O8: =G8-L8 -> 0 | P8: =H8-M8 -> 0 | Q8: =I8-N8 -> 0
A9: =A8+1 -> 5 | I9: =G9-H9 -> 0 | N9: =L9-M9 -> 0 | O9: =G9-L9 -> 0 | P9: =H9-M9 -> 0 | Q9: =I9-N9 -> 0
A10: =A9+1 -> 6 | I10: =G10-H10 -> 0 | N10: =L10-M10 -> 0 | O10: =G10-L10 -> 0 | P10: =H10-M10 -> 0 | Q10: =I10-N10 -> 0
A11: =A10+1 -> 7 | I11: =G11-H11 -> 0 | N11: =L11-M11 -> 0 | O11: =G11-L11 -> 0 | P11: =H11-M11 -> 0 | Q11: =I11-N11 -> 0
A12: =A11+1 -> 8 | I12: =G12-H12 -> 0 | N12: =L12-M12 -> 0 | O12: =G12-L12 -> 0 | P12: =H12-M12 -> 0 | Q12: =I12-N12 -> 0
A13: =A12+1 -> 9 | I13: =G13-H13 -> 0 | N13: =L13-M13 -> 0 | O13: =G13-L13 -> 0 | P13: =H13-M13 -> 0 | Q13: =I13-N13 -> 0
A14: =A13+1 -> 10 | I14: =G14-H14 -> 0 | N14: =L14-M14 -> 0 | O14: =G14-L14 -> 0 | P14: =H14-M14 -> 0 | Q14: =I14-N14 -> 0
A15: =A14+1 -> 11 | I15: =G15-H15 -> 0 | N15: =L15-M15 -> 0 | O15: =G15-L15 -> 0 | P15: =H15-M15 -> 0 | Q15: =I15-N15 -> 0
A16: =A15+1 -> 12 | I16: =G16-H16 -> 0 | N16: =L16-M16 -> 0 | O16: =G16-L16 -> 0 | P16: =H16-M16 -> 0 | Q16: =I16-N16 -> 0
A17: =A16+1 -> 13 | I17: =G17-H17 -> 0 | N17: =L17-M17 -> 0 | O17: =G17-L17 -> 0 | P17: =H17-M17 -> 0 | Q17: =I17-N17 -> 0
... A204: =A203+1 -> 200 | I204: =G204-H204 -> 0 | N204: =L204-M204 -> 0 | O204: =G204-L204 -> 0 | P204: =H204-M204 -> 0 | Q204: =I204-N204 -> 0
G206: Total | H206: =COUNTIF(I5:I204,">0") -> 0 | I206: =SUM(I5:I204)/1000 -> 0 | M206: Total | N206: =SUM(N5:N204)/1000 -> 0 | P206: Deviasi | Q206: =I206-N206 -> 0
Q207: =Q206/N206 -> #DIV/0!
A209: Dibuat oleh : | G209: Diperiksa dan disetujui oleh :
A210: PT Talenta Bumi | G210: PT Merge Mining Industri
A215: Syarfiatul Uzma | H215: Syella Wu
A216: Staff Engineering | H216: Finance & Accounting

Sheet 24
A1: PT Talenta Bumi | I1: MRG
A2: REKAPITULASI COAL HAULING DARI PT. MERGE MINING INDUSTRI KE PELABUHAN
A3: TGL : | B3: 46166
A4: No | B4: Ticket No | C4: Unit ID | D4: Date Out | E4: Time Out | F4: Shipper | G4: Gross | H4: Tare | I4: Netto
A5: 1 | B5: TB01-24/05/26/00002 | C5: PJM002 | D5: 46166 | E5: 21:44 | F5: MMI | G5: 48280 | H5: 14590 | I5: =G5-H5 -> 33690
A6: =A5+1 -> 2 | B6: TB01-24/05/26/00003 | C6: PJM007 | D6: 46166 | E6: 21:46 | F6: MMI | G6: 46160 | H6: 15160 | I6: =G6-H6 -> 31000
A7: =A6+1 -> 3 | B7: TB01-24/05/26/00004 | C7: PJM043 | D7: 46166 | E7: 21:50 | F7: MMI | G7: 45000 | H7: 15210 | I7: =G7-H7 -> 29790
A8: =A7+1 -> 4 | B8: TB01-24/05/26/00005 | C8: PJM086 | D8: 46166 | E8: 21:51 | F8: MMI | G8: 48410 | H8: 15690 | I8: =G8-H8 -> 32720
A9: =A8+1 -> 5 | B9: TB01-24/05/26/00006 | C9: PJM001 | D9: 46166 | E9: 21:52 | F9: MMI | G9: 47520 | H9: 14220 | I9: =G9-H9 -> 33300
A10: =A9+1 -> 6 | B10: TB01-24/05/26/00024 | C10: PJM015 | D10: 46166 | E10: 22:27 | F10: MMI | G10: 46390 | H10: 13950 | I10: =G10-H10 -> 32440
A11: =A10+1 -> 7 | B11: TB01-24/05/26/00027 | C11: PJM062 | D11: 46166 | E11: 22:35 | F11: MMI | G11: 46080 | H11: 15870 | I11: =G11-H11 -> 30210
A12: =A11+1 -> 8 | B12: TB01-24/05/26/00035 | C12: PJM114 | D12: 46166 | E12: 22:51 | F12: MMI | G12: 45640 | H12: 15580 | I12: =G12-H12 -> 30060
A13: =A12+1 -> 9 | B13: TB01-24/05/26/00045 | C13: PJM053 | D13: 46166 | E13: 23:25 | F13: MMI | G13: 43080 | H13: 13850 | I13: =G13-H13 -> 29230
A14: =A13+1 -> 10 | B14: TB02-24/05/26/00053 | C14: PJM009 | D14: 46166 | E14: 13:32 | F14: MMI | G14: 44930 | H14: 14850 | I14: =G14-H14 -> 30080
A15: =A14+1 -> 11 | B15: TB02-24/05/26/00054 | C15: PJM047 | D15: 46166 | E15: 13:33 | F15: MMI | G15: 46750 | H15: 14950 | I15: =G15-H15 -> 31800
A16: =A15+1 -> 12 | B16: TB02-24/05/26/00056 | C16: PJM054 | D16: 46166 | E16: 14:12 | F16: MMI | G16: 47540 | H16: 14650 | I16: =G16-H16 -> 32890
A17: =A16+1 -> 13 | B17: TB02-24/05/26/00058 | C17: PJM110 | D17: 46166 | E17: 14:53 | F17: MMI | G17: 47760 | H17: 17660 | I17: =G17-H17 -> 30100
... A118: =A117+1 -> 114 | B118: TB02-25/05/26/00024 | C118: PJM048 | D118: 46167 | E118: 03:04 | F118: MMI | G118: 48630 | H118: 15950 | I118: =G118-H118 -> 32680
A119: =A118+1 -> 115 | B119: TB02-25/05/26/00036 | C119: PJM056 | D119: 46167 | E119: 0.3875 | F119: MMI | G119: 46790 | H119: 14560 | I119: =G119-H119 -> 32230
A120: =A119+1 -> 116 | B120: TB02-25/05/26/00037 | C120: PJM044 | D120: 46167 | E120: 0.38819444 | F120: MMI | G120: 46160 | H120: 15240 | I120: =G120-H120 -> 30920
A121: =A120+1 -> 117 | B121: TB02-25/05/26/00087 | C121: PJM097 | D121: 46167 | E121: 0.49791667 | F121: MMI | G121: 46090 | H121: 15470 | I121: =G121-H121 -> 30620
A122: =A121+1 -> 118 | B122: TB02-25/05/26/00319 | C122: PJM063 | D122: 46167 | E122: 0.84166667 | F122: MMI | G122: 45630 | H122: 16070 | I122: =G122-H122 -> 29560
G124: Total | H124: =COUNTIF(I5:I122,">0") -> 118 | I124: =SUM(I5:I122)/1000 -> 3832.6
A127: Dibuat oleh : | G127: Diperiksa dan disetujui oleh :
A128: PT Talenta Bumi | G128: PT Merge Mining Industri
A133: Syarfiatul Uzma | H133: Syella Wu
A134: Staff Engineering | H134: Finance & Accounting
