Workbook

Sheet 1
A1: PT Talenta Bumi | I1: MRG
A2: REKAPITULASI COAL HAULING DARI PT. MERGE MINING INDUSTRI KE PELABUHAN | K2: TIMBANGAN MERGE (KG)
A3: TGL : | B3: 46143
A4: No | B4: Ticket No | C4: Unit ID | D4: Date Out | E4: Time Out | F4: Shipper | G4: Gross | H4: Tare | I4: Netto | K4: ID Slip Timbangan | L4: Gross | M4: Tare | N4: Netto
A5: 1 | I5: =G5-H5 -> 0 | N5: =L5-M5 -> 0 | O5: =G5-L5 -> 0 | P5: =H5-M5 -> 0 | Q5: =I5-N5 -> 0
A6: =A5+1 -> 2 | I6: =G6-H6 -> 0 | N6: =L6-M6 -> 0 | O6: =G6-L6 -> 0 | P6: =H6-M6 -> 0 | Q6: =I6-N6 -> 0
A7: =A6+1 -> 3 | I7: =G7-H7 -> 0 | N7: =L7-M7 -> 0 | O7: =G7-L7 -> 0 | P7: =H7-M7 -> 0 | Q7: =I7-N7 -> 0
A8: =A7+1 -> 4 | I8: =G8-H8 -> 0 | N8: =L8-M8 -> 0 | O8: =G8-L8 -> 0 | P8: =H8-M8 -> 0 | Q8: =I8-N8 -> 0
A9: =A8+1 -> 5 | I9: =G9-H9 -> 0 | N9: =L9-M9 -> 0 | O9: =G9-L9 -> 0 | P9: =H9-M9 -> 0 | Q9: =I9-N9 -> 0
A10: =A9+1 -> 6 | I10: =G10-H10 -> 0 | N10: =L10-M10 -> 0 | O10: =G10-L10 -> 0 | P10: =H10-M10 -> 0 | Q10: =I10-N10 -> 0
A11: =A10+1 -> 7 | I11: =G11-H11 -> 0 | N11: =L11-M11 -> 0 | O11: =G11-L11 -> 0 | P11: =H11-M11 -> 0 | Q11: =I11-N11 -> 0
A12: =A11+1 -> 8 | I12: =G12-H12 -> 0 | N12: =L12-M12 -> 0 | O12: =G12-L12 -> 0 | P12: =H12-M12 -> 0 | Q12: =I12-N12 -> 0
A13: =A12+1 -> 9 | I13: =G13-H13 -> 0 | N13: =L13-M13 -> 0 | O13: =G13-L13 -> 0 | P13: =H13-M13 -> 0 | Q13: =I13-N13 -> 0
A14: =A13+1 -> 10 | I14: =G14-H14 -> 0 | N14: =L14-M14 -> 0 | O14: =G14-L14 -> 0 | P14: =H14-M14 -> 0 | Q14: =I14-N14 -> 0
A15: =A14+1 -> 11 | I15: =G15-H15 -> 0 | N15: =L15-M15 -> 0 | O15: =G15-L15 -> 0 | P15: =H15-M15 -> 0 | Q15: =I15-N15 -> 0
A16: =A15+1 -> 12 | I16: =G16-H16 -> 0 | N16: =L16-M16 -> 0 | O16: =G16-L16 -> 0 | P16: =H16-M16 -> 0 | Q16: =I16-N16 -> 0
A17: =A16+1 -> 13 | I17: =G17-H17 -> 0 | N17: =L17-M17 -> 0 | O17: =G17-L17 -> 0 | P17: =H17-M17 -> 0 | Q17: =I17-N17 -> 0
... A175: =A174+1 -> 171 | I175: =G175-H175 -> 0 | N175: =L175-M175 -> 0 | O175: =G175-L175 -> 0 | P175: =H175-M175 -> 0 | Q175: =I175-N175 -> 0
G177: Total | H177: =COUNTIF(I5:I175,">0") -> 0 | I177: =SUM(I5:I175)/1000 -> 0 | M177: Total | N177: =SUM(N5:N175)/1000 -> 0 | P177: Deviasi | Q177: =I177-N177 -> 0
Q178: =Q177/N177 -> #DIV/0!
A180: Dibuat oleh : | G180: Diperiksa dan disetujui oleh :
A181: PT Talenta Bumi | G181: PT Merge Mining Industri
A186: Syarfiatul Uzma | H186: Syella Wu
A187: Staff Engineering | H187: Finance & Accounting

Sheet 2
A1: PT Talenta Bumi | I1: MRG
A2: REKAPITULASI COAL HAULING DARI PT. MERGE MINING INDUSTRI KE PELABUHAN | K2: TIMBANGAN MERGE (KG)
A3: TGL : | B3: ='1'!B3+1 -> 46144
A4: No | B4: Ticket No | C4: Unit ID | D4: Date Out | E4: Time Out | F4: Shipper | G4: Gross | H4: Tare | I4: Netto | K4: ID Slip Timbangan | L4: Gross | M4: Tare | N4: Netto
A5: 1 | I5: =G5-H5 -> 0 | N5: =L5-M5 -> 0 | O5: =G5-L5 -> 0 | P5: =H5-M5 -> 0 | Q5: =I5-N5 -> 0
A6: =A5+1 -> 2 | I6: =G6-H6 -> 0 | N6: =L6-M6 -> 0 | O6: =G6-L6 -> 0 | P6: =H6-M6 -> 0 | Q6: =I6-N6 -> 0
A7: =A6+1 -> 3 | I7: =G7-H7 -> 0 | N7: =L7-M7 -> 0 | O7: =G7-L7 -> 0 | P7: =H7-M7 -> 0 | Q7: =I7-N7 -> 0
A8: =A7+1 -> 4 | I8: =G8-H8 -> 0 | N8: =L8-M8 -> 0 | O8: =G8-L8 -> 0 | P8: =H8-M8 -> 0 | Q8: =I8-N8 -> 0
A9: =A8+1 -> 5 | I9: =G9-H9 -> 0 | N9: =L9-M9 -> 0 | O9: =G9-L9 -> 0 | P9: =H9-M9 -> 0 | Q9: =I9-N9 -> 0
A10: =A9+1 -> 6 | I10: =G10-H10 -> 0 | N10: =L10-M10 -> 0 | O10: =G10-L10 -> 0 | P10: =H10-M10 -> 0 | Q10: =I10-N10 -> 0
A11: =A10+1 -> 7 | I11: =G11-H11 -> 0 | N11: =L11-M11 -> 0 | O11: =G11-L11 -> 0 | P11: =H11-M11 -> 0 | Q11: =I11-N11 -> 0
A12: =A11+1 -> 8 | I12: =G12-H12 -> 0 | N12: =L12-M12 -> 0 | O12: =G12-L12 -> 0 | P12: =H12-M12 -> 0 | Q12: =I12-N12 -> 0
A13: =A12+1 -> 9 | I13: =G13-H13 -> 0 | N13: =L13-M13 -> 0 | O13: =G13-L13 -> 0 | P13: =H13-M13 -> 0 | Q13: =I13-N13 -> 0
A14: =A13+1 -> 10 | I14: =G14-H14 -> 0 | N14: =L14-M14 -> 0 | O14: =G14-L14 -> 0 | P14: =H14-M14 -> 0 | Q14: =I14-N14 -> 0
A15: =A14+1 -> 11 | I15: =G15-H15 -> 0 | N15: =L15-M15 -> 0 | O15: =G15-L15 -> 0 | P15: =H15-M15 -> 0 | Q15: =I15-N15 -> 0
A16: =A15+1 -> 12 | I16: =G16-H16 -> 0 | N16: =L16-M16 -> 0 | O16: =G16-L16 -> 0 | P16: =H16-M16 -> 0 | Q16: =I16-N16 -> 0
A17: =A16+1 -> 13 | I17: =G17-H17 -> 0 | N17: =L17-M17 -> 0 | O17: =G17-L17 -> 0 | P17: =H17-M17 -> 0 | Q17: =I17-N17 -> 0
... A204: =A203+1 -> 200 | I204: =G204-H204 -> 0 | N204: =L204-M204 -> 0 | O204: =G204-L204 -> 0 | P204: =H204-M204 -> 0 | Q204: =I204-N204 -> 0
G206: Total | H206: =COUNTIF(I5:I204,">0") -> 0 | I206: =SUM(I5:I204)/1000 -> 0 | M206: Total | N206: =SUM(N5:N204)/1000 -> 0 | P206: Deviasi | Q206: =I206-N206 -> 0
Q207: =Q206/N206 -> #DIV/0!
A209: Dibuat oleh : | G209: Diperiksa dan disetujui oleh :
A210: PT Talenta Bumi | G210: PT Merge Mining Industri
A215: Syarfiatul Uzma | H215: Syella Wu
A216: Staff Engineering | H216: Finance & Accounting

Sheet 3
A1: PT Talenta Bumi | I1: MRG
A2: REKAPITULASI COAL HAULING DARI PT. MERGE MINING INDUSTRI KE PELABUHAN | K2: TIMBANGAN MERGE (KG)
A3: TGL : | B3: ='2'!B3+1 -> 46145
A4: No | B4: Ticket No | C4: Unit ID | D4: Date Out | E4: Time Out | F4: Shipper | G4: Gross | H4: Tare | I4: Netto | K4: ID Slip Timbangan | L4: Gross | M4: Tare | N4: Netto
A5: 1 | I5: =G5-H5 -> 0 | N5: =L5-M5 -> 0 | O5: =G5-L5 -> 0 | P5: =H5-M5 -> 0 | Q5: =I5-N5 -> 0
A6: =A5+1 -> 2 | I6: =G6-H6 -> 0 | N6: =L6-M6 -> 0 | O6: =G6-L6 -> 0 | P6: =H6-M6 -> 0 | Q6: =I6-N6 -> 0
A7: =A6+1 -> 3 | I7: =G7-H7 -> 0 | N7: =L7-M7 -> 0 | O7: =G7-L7 -> 0 | P7: =H7-M7 -> 0 | Q7: =I7-N7 -> 0
A8: =A7+1 -> 4 | I8: =G8-H8 -> 0 | N8: =L8-M8 -> 0 | O8: =G8-L8 -> 0 | P8: =H8-M8 -> 0 | Q8: =I8-N8 -> 0
A9: =A8+1 -> 5 | I9: =G9-H9 -> 0 | N9: =L9-M9 -> 0 | O9: =G9-L9 -> 0 | P9: =H9-M9 -> 0 | Q9: =I9-N9 -> 0
A10: =A9+1 -> 6 | I10: =G10-H10 -> 0 | N10: =L10-M10 -> 0 | O10: =G10-L10 -> 0 | P10: =H10-M10 -> 0 | Q10: =I10-N10 -> 0
A11: =A10+1 -> 7 | I11: =G11-H11 -> 0 | N11: =L11-M11 -> 0 | O11: =G11-L11 -> 0 | P11: =H11-M11 -> 0 | Q11: =I11-N11 -> 0
A12: =A11+1 -> 8 | I12: =G12-H12 -> 0 | N12: =L12-M12 -> 0 | O12: =G12-L12 -> 0 | P12: =H12-M12 -> 0 | Q12: =I12-N12 -> 0
A13: =A12+1 -> 9 | I13: =G13-H13 -> 0 | N13: =L13-M13 -> 0 | O13: =G13-L13 -> 0 | P13: =H13-M13 -> 0 | Q13: =I13-N13 -> 0
A14: =A13+1 -> 10 | I14: =G14-H14 -> 0 | N14: =L14-M14 -> 0 | O14: =G14-L14 -> 0 | P14: =H14-M14 -> 0 | Q14: =I14-N14 -> 0
A15: =A14+1 -> 11 | I15: =G15-H15 -> 0 | N15: =L15-M15 -> 0 | O15: =G15-L15 -> 0 | P15: =H15-M15 -> 0 | Q15: =I15-N15 -> 0
A16: =A15+1 -> 12 | I16: =G16-H16 -> 0 | N16: =L16-M16 -> 0 | O16: =G16-L16 -> 0 | P16: =H16-M16 -> 0 | Q16: =I16-N16 -> 0
A17: =A16+1 -> 13 | I17: =G17-H17 -> 0 | N17: =L17-M17 -> 0 | O17: =G17-L17 -> 0 | P17: =H17-M17 -> 0 | Q17: =I17-N17 -> 0
... A204: =A203+1 -> 200 | I204: =G204-H204 -> 0 | N204: =L204-M204 -> 0 | O204: =G204-L204 -> 0 | P204: =H204-M204 -> 0 | Q204: =I204-N204 -> 0
G206: Total | H206: =COUNTIF(I5:I204,">0") -> 0 | I206: =SUM(I5:I204)/1000 -> 0 | M206: Total | N206: =SUM(N5:N204)/1000 -> 0 | P206: Deviasi | Q206: =I206-N206 -> 0
Q207: =Q206/N206 -> #DIV/0!
A209: Dibuat oleh : | G209: Diperiksa dan disetujui oleh :
A210: PT Talenta Bumi | G210: PT Merge Mining Industri
A215: Syarfiatul Uzma | H215: Syella Wu
A216: Staff Engineering | H216: Finance & Accounting

Sheet 4
A1: PT Talenta Bumi | I1: MRG
A2: REKAPITULASI COAL HAULING DARI PT. MERGE MINING INDUSTRI KE PELABUHAN | K2: TIMBANGAN MERGE (KG)
A3: TGL : | B3: ='3'!B3+1 -> 46146
A4: No | B4: Ticket No | C4: Unit ID | D4: Date Out | E4: Time Out | F4: Shipper | G4: Gross | H4: Tare | I4: Netto | K4: ID Slip Timbangan | L4: Gross | M4: Tare | N4: Netto
A5: 1 | I5: =G5-H5 -> 0 | N5: =L5-M5 -> 0 | O5: =G5-L5 -> 0 | P5: =H5-M5 -> 0 | Q5: =I5-N5 -> 0
A6: =A5+1 -> 2 | I6: =G6-H6 -> 0 | N6: =L6-M6 -> 0 | O6: =G6-L6 -> 0 | P6: =H6-M6 -> 0 | Q6: =I6-N6 -> 0
A7: =A6+1 -> 3 | I7: =G7-H7 -> 0 | N7: =L7-M7 -> 0 | O7: =G7-L7 -> 0 | P7: =H7-M7 -> 0 | Q7: =I7-N7 -> 0
A8: =A7+1 -> 4 | I8: =G8-H8 -> 0 | N8: =L8-M8 -> 0 | O8: =G8-L8 -> 0 | P8: =H8-M8 -> 0 | Q8: =I8-N8 -> 0
A9: =A8+1 -> 5 | I9: =G9-H9 -> 0 | N9: =L9-M9 -> 0 | O9: =G9-L9 -> 0 | P9: =H9-M9 -> 0 | Q9: =I9-N9 -> 0
A10: =A9+1 -> 6 | I10: =G10-H10 -> 0 | N10: =L10-M10 -> 0 | O10: =G10-L10 -> 0 | P10: =H10-M10 -> 0 | Q10: =I10-N10 -> 0
A11: =A10+1 -> 7 | I11: =G11-H11 -> 0 | N11: =L11-M11 -> 0 | O11: =G11-L11 -> 0 | P11: =H11-M11 -> 0 | Q11: =I11-N11 -> 0
A12: =A11+1 -> 8 | I12: =G12-H12 -> 0 | N12: =L12-M12 -> 0 | O12: =G12-L12 -> 0 | P12: =H12-M12 -> 0 | Q12: =I12-N12 -> 0
A13: =A12+1 -> 9 | I13: =G13-H13 -> 0 | N13: =L13-M13 -> 0 | O13: =G13-L13 -> 0 | P13: =H13-M13 -> 0 | Q13: =I13-N13 -> 0
A14: =A13+1 -> 10 | I14: =G14-H14 -> 0 | N14: =L14-M14 -> 0 | O14: =G14-L14 -> 0 | P14: =H14-M14 -> 0 | Q14: =I14-N14 -> 0
A15: =A14+1 -> 11 | I15: =G15-H15 -> 0 | N15: =L15-M15 -> 0 | O15: =G15-L15 -> 0 | P15: =H15-M15 -> 0 | Q15: =I15-N15 -> 0
A16: =A15+1 -> 12 | I16: =G16-H16 -> 0 | N16: =L16-M16 -> 0 | O16: =G16-L16 -> 0 | P16: =H16-M16 -> 0 | Q16: =I16-N16 -> 0
A17: =A16+1 -> 13 | I17: =G17-H17 -> 0 | N17: =L17-M17 -> 0 | O17: =G17-L17 -> 0 | P17: =H17-M17 -> 0 | Q17: =I17-N17 -> 0
... A204: =A203+1 -> 200 | I204: =G204-H204 -> 0 | N204: =L204-M204 -> 0 | O204: =G204-L204 -> 0 | P204: =H204-M204 -> 0 | Q204: =I204-N204 -> 0
G206: Total | H206: =COUNTIF(I5:I204,">0") -> 0 | I206: =SUM(I5:I204)/1000 -> 0 | M206: Total | N206: =SUM(N5:N204)/1000 -> 0 | P206: Deviasi | Q206: =I206-N206 -> 0
Q207: =Q206/N206 -> #DIV/0!
A209: Dibuat oleh : | G209: Diperiksa dan disetujui oleh :
A210: PT Talenta Bumi | G210: PT Merge Mining Industri
A215: Syarfiatul Uzma | H215: Syella Wu
A216: Staff Engineering | H216: Finance & Accounting

Sheet 5
A1: PT Talenta Bumi | I1: MRG
A2: REKAPITULASI COAL HAULING DARI PT. MERGE MINING INDUSTRI KE PELABUHAN | K2: TIMBANGAN MERGE (KG)
A3: TGL : | B3: ='4'!B3+1 -> 46147
A4: No | B4: Ticket No | C4: Unit ID | D4: Date Out | E4: Time Out | F4: Shipper | G4: Gross | H4: Tare | I4: Netto | K4: ID Slip Timbangan | L4: Gross | M4: Tare | N4: Netto
A5: 1 | I5: =G5-H5 -> 0 | N5: =L5-M5 -> 0 | O5: =G5-L5 -> 0 | P5: =H5-M5 -> 0 | Q5: =I5-N5 -> 0
A6: =A5+1 -> 2 | I6: =G6-H6 -> 0 | N6: =L6-M6 -> 0 | O6: =G6-L6 -> 0 | P6: =H6-M6 -> 0 | Q6: =I6-N6 -> 0
A7: =A6+1 -> 3 | I7: =G7-H7 -> 0 | N7: =L7-M7 -> 0 | O7: =G7-L7 -> 0 | P7: =H7-M7 -> 0 | Q7: =I7-N7 -> 0
A8: =A7+1 -> 4 | I8: =G8-H8 -> 0 | N8: =L8-M8 -> 0 | O8: =G8-L8 -> 0 | P8: =H8-M8 -> 0 | Q8: =I8-N8 -> 0
A9: =A8+1 -> 5 | I9: =G9-H9 -> 0 | N9: =L9-M9 -> 0 | O9: =G9-L9 -> 0 | P9: =H9-M9 -> 0 | Q9: =I9-N9 -> 0
A10: =A9+1 -> 6 | I10: =G10-H10 -> 0 | N10: =L10-M10 -> 0 | O10: =G10-L10 -> 0 | P10: =H10-M10 -> 0 | Q10: =I10-N10 -> 0
A11: =A10+1 -> 7 | I11: =G11-H11 -> 0 | N11: =L11-M11 -> 0 | O11: =G11-L11 -> 0 | P11: =H11-M11 -> 0 | Q11: =I11-N11 -> 0
A12: =A11+1 -> 8 | I12: =G12-H12 -> 0 | N12: =L12-M12 -> 0 | O12: =G12-L12 -> 0 | P12: =H12-M12 -> 0 | Q12: =I12-N12 -> 0
A13: =A12+1 -> 9 | I13: =G13-H13 -> 0 | N13: =L13-M13 -> 0 | O13: =G13-L13 -> 0 | P13: =H13-M13 -> 0 | Q13: =I13-N13 -> 0
A14: =A13+1 -> 10 | I14: =G14-H14 -> 0 | N14: =L14-M14 -> 0 | O14: =G14-L14 -> 0 | P14: =H14-M14 -> 0 | Q14: =I14-N14 -> 0
A15: =A14+1 -> 11 | I15: =G15-H15 -> 0 | N15: =L15-M15 -> 0 | O15: =G15-L15 -> 0 | P15: =H15-M15 -> 0 | Q15: =I15-N15 -> 0
A16: =A15+1 -> 12 | I16: =G16-H16 -> 0 | N16: =L16-M16 -> 0 | O16: =G16-L16 -> 0 | P16: =H16-M16 -> 0 | Q16: =I16-N16 -> 0
A17: =A16+1 -> 13 | I17: =G17-H17 -> 0 | N17: =L17-M17 -> 0 | O17: =G17-L17 -> 0 | P17: =H17-M17 -> 0 | Q17: =I17-N17 -> 0
... A204: =A203+1 -> 200 | I204: =G204-H204 -> 0 | N204: =L204-M204 -> 0 | O204: =G204-L204 -> 0 | P204: =H204-M204 -> 0 | Q204: =I204-N204 -> 0
G206: Total | H206: =COUNTIF(I5:I204,">0") -> 0 | I206: =SUM(I5:I204)/1000 -> 0 | M206: Total | N206: =SUM(N5:N204)/1000 -> 0 | P206: Deviasi | Q206: =I206-N206 -> 0
Q207: =Q206/N206 -> #DIV/0!
A209: Dibuat oleh : | G209: Diperiksa dan disetujui oleh :
A210: PT Talenta Bumi | G210: PT Merge Mining Industri
A215: Syarfiatul Uzma | H215: Syella Wu
A216: Staff Engineering | H216: Finance & Accounting

Sheet 6
A1: PT Talenta Bumi | I1: MRG
A2: REKAPITULASI COAL HAULING DARI PT. MERGE MINING INDUSTRI KE PELABUHAN | K2: TIMBANGAN MERGE (KG)
A3: TGL : | B3: ='5'!B3+1 -> 46148
A4: No | B4: Ticket No | C4: Unit ID | D4: Date Out | E4: Time Out | F4: Shipper | G4: Gross | H4: Tare | I4: Netto | K4: ID Slip Timbangan | L4: Gross | M4: Tare | N4: Netto
A5: 1 | I5: =G5-H5 -> 0 | N5: =L5-M5 -> 0 | O5: =G5-L5 -> 0 | P5: =H5-M5 -> 0 | Q5: =I5-N5 -> 0
A6: =A5+1 -> 2 | I6: =G6-H6 -> 0 | N6: =L6-M6 -> 0 | O6: =G6-L6 -> 0 | P6: =H6-M6 -> 0 | Q6: =I6-N6 -> 0
A7: =A6+1 -> 3 | I7: =G7-H7 -> 0 | N7: =L7-M7 -> 0 | O7: =G7-L7 -> 0 | P7: =H7-M7 -> 0 | Q7: =I7-N7 -> 0
A8: =A7+1 -> 4 | I8: =G8-H8 -> 0 | N8: =L8-M8 -> 0 | O8: =G8-L8 -> 0 | P8: =H8-M8 -> 0 | Q8: =I8-N8 -> 0
A9: =A8+1 -> 5 | I9: =G9-H9 -> 0 | N9: =L9-M9 -> 0 | O9: =G9-L9 -> 0 | P9: =H9-M9 -> 0 | Q9: =I9-N9 -> 0
A10: =A9+1 -> 6 | I10: =G10-H10 -> 0 | N10: =L10-M10 -> 0 | O10: =G10-L10 -> 0 | P10: =H10-M10 -> 0 | Q10: =I10-N10 -> 0
A11: =A10+1 -> 7 | I11: =G11-H11 -> 0 | N11: =L11-M11 -> 0 | O11: =G11-L11 -> 0 | P11: =H11-M11 -> 0 | Q11: =I11-N11 -> 0
A12: =A11+1 -> 8 | I12: =G12-H12 -> 0 | N12: =L12-M12 -> 0 | O12: =G12-L12 -> 0 | P12: =H12-M12 -> 0 | Q12: =I12-N12 -> 0
A13: =A12+1 -> 9 | I13: =G13-H13 -> 0 | N13: =L13-M13 -> 0 | O13: =G13-L13 -> 0 | P13: =H13-M13 -> 0 | Q13: =I13-N13 -> 0
A14: =A13+1 -> 10 | I14: =G14-H14 -> 0 | N14: =L14-M14 -> 0 | O14: =G14-L14 -> 0 | P14: =H14-M14 -> 0 | Q14: =I14-N14 -> 0
A15: =A14+1 -> 11 | I15: =G15-H15 -> 0 | N15: =L15-M15 -> 0 | O15: =G15-L15 -> 0 | P15: =H15-M15 -> 0 | Q15: =I15-N15 -> 0
A16: =A15+1 -> 12 | I16: =G16-H16 -> 0 | N16: =L16-M16 -> 0 | O16: =G16-L16 -> 0 | P16: =H16-M16 -> 0 | Q16: =I16-N16 -> 0
A17: =A16+1 -> 13 | I17: =G17-H17 -> 0 | N17: =L17-M17 -> 0 | O17: =G17-L17 -> 0 | P17: =H17-M17 -> 0 | Q17: =I17-N17 -> 0
... A204: =A203+1 -> 200 | I204: =G204-H204 -> 0 | N204: =L204-M204 -> 0 | O204: =G204-L204 -> 0 | P204: =H204-M204 -> 0 | Q204: =I204-N204 -> 0
G206: Total | H206: =COUNTIF(I5:I204,">0") -> 0 | I206: =SUM(I5:I204)/1000 -> 0 | M206: Total | N206: =SUM(N5:N204)/1000 -> 0 | P206: Deviasi | Q206: =I206-N206 -> 0
Q207: =Q206/N206 -> #DIV/0!
A209: Dibuat oleh : | G209: Diperiksa dan disetujui oleh :
A210: PT Talenta Bumi | G210: PT Merge Mining Industri
A215: Syarfiatul Uzma | H215: Syella Wu
A216: Staff Engineering | H216: Finance & Accounting

Sheet 22
A1: PT Talenta Bumi | I1: MRG
A2: REKAPITULASI COAL HAULING DARI PT. MERGE MINING INDUSTRI KE PELABUHAN
A3: TGL : | B3: 46164
A4: No | B4: Ticket No | C4: Unit ID | D4: Date Out | E4: Time Out | F4: Shipper | G4: Gross | H4: Tare | I4: Netto
A5: 1 | B5: TB01-22/05/26/00001 | C5: PJM104 | D5: 46164 | E5: 14:39 | F5: MMI | G5: 47220 | H5: 15690 | I5: =G5-H5 -> 31530
A6: 2 | B6: TB01-22/05/26/00002 | C6: PJM110 | D6: 46164 | E6: 14:40 | F6: MMI | G6: 53540 | H6: 17880 | I6: =G6-H6 -> 35660
A7: 3 | B7: TB01-22/05/26/00003 | C7: PJM090 | D7: 46164 | E7: 14:41 | F7: MMI | G7: 47970 | H7: 16330 | I7: =G7-H7 -> 31640
A8: 4 | B8: TB01-22/05/26/00004 | C8: PJM067 | D8: 46164 | E8: 14:41 | F8: MMI | G8: 47610 | H8: 16080 | I8: =G8-H8 -> 31530
A9: 5 | B9: TB01-22/05/26/00005 | C9: PJM036 | D9: 46164 | E9: 14:42 | F9: MMI | G9: 45490 | H9: 15810 | I9: =G9-H9 -> 29680
A10: 6 | B10: TB01-22/05/26/00006 | C10: PJM069 | D10: 46164 | E10: 14:43 | F10: MMI | G10: 46070 | H10: 15450 | I10: =G10-H10 -> 30620
A11: 7 | B11: TB01-22/05/26/00007 | C11: PJM072 | D11: 46164 | E11: 14:44 | F11: MMI | G11: 45140 | H11: 14720 | I11: =G11-H11 -> 30420
A12: 8 | B12: TB01-22/05/26/00008 | C12: PJM093 | D12: 46164 | E12: 14:45 | F12: MMI | G12: 47830 | H12: 15980 | I12: =G12-H12 -> 31850
A13: 9 | B13: TB01-22/05/26/00009 | C13: PJM113 | D13: 46164 | E13: 14:46 | F13: MMI | G13: 53540 | H13: 17290 | I13: =G13-H13 -> 36250
A14: 10 | B14: TB01-22/05/26/00010 | C14: PJM053 | D14: 46164 | E14: 14:47 | F14: MMI | G14: 43220 | H14: 13290 | I14: =G14-H14 -> 29930
A15: 11 | B15: TB01-22/05/26/00011 | C15: PJM102 | D15: 46164 | E15: 14:48 | F15: MMI | G15: 45820 | H15: 15520 | I15: =G15-H15 -> 30300
A16: 12 | B16: TB01-22/05/26/00012 | C16: PJM058 | D16: 46164 | E16: 14:48 | F16: MMI | G16: 46510 | H16: 15580 | I16: =G16-H16 -> 30930
... A153: 149 | B153: TB02-23/05/26/00127 | C153: PJM062 | D153: 46165 | E153: 16:36 | F153: MMI | G153: 48260 | H153: 15730 | I153: =G153-H153 -> 32530
G155: Total | H155: =COUNTIF(I5:I153,">0") -> 149 | I155: =SUM(I5:I153)/1000 -> 4925.43
A158: Dibuat oleh : | G158: Diperiksa dan disetujui oleh :
A159: PT Talenta Bumi | G159: PT Merge Mining Industri
A164: Syarfiatul Uzma | H164: Syella Wu
A165: Staff Engineering | H165: Finance & Accounting
