Workbook

Sheet 1
A1: PT Talenta Bumi | I1: MRG
A2: REKAPITULASI COAL HAULING DARI PT. MERGE MINING INDUSTRI KE PELABUHAN | K2: TIMBANGAN MERGE (KG)
A3: TGL : | B3: 46143
A4: No | B4: Ticket No | C4: Unit ID | D4: Date Out | E4: Time Out | F4: Shipper | G4: Gross | H4: Tare | I4: Netto | K4: ID Slip Timbangan | L4: Gross | M4: Tare | N4: Netto
A5: 1 | I5: =G5-H5 -> 0 | N5: =L5-M5 -> 0 | O5: =G5-L5 -> 0 | P5: =H5-M5 -> 0 | Q5: =I5-N5 -> 0
A6: =A5+1 -> 2 | I6: =G6-H6 -> 0 | N6: =L6-M6 -> 0 | O6: =G6-L6 -> 0 | P6: =H6-M6 -> 0 | Q6: =I6-N6 -> 0
A7: =A6+1 -> 3 | I7: =G7-H7 -> 0 | N7: =L7-M7 -> 0 | O7: =G7-L7 -> 0 | P7: =H7-M7 -> 0 | Q7: =I7-N7 -> 0
A8: =A7+1 -> 4 | I8: =G8-H8 -> 0 | N8: =L8-M8 -> 0 | O8: =G8-L8 -> 0 | P8: =H8-M8 -> 0 | Q8: =I8-N8 -> 0
A9: =A8+1 -> 5 | I9: =G9-H9 -> 0 | N9: =L9-M9 -> 0 | O9: =G9-L9 -> 0 | P9: =H9-M9 -> 0 | Q9: =I9-N9 -> 0
A10: =A9+1 -> 6 | I10: =G10-H10 -> 0 | N10: =L10-M10 -> 0 | O10: =G10-L10 -> 0 | P10: =H10-M10 -> 0 | Q10: =I10-N10 -> 0
A11: =A10+1 -> 7 | I11: =G11-H11 -> 0 | N11: =L11-M11 -> 0 | O11: =G11-L11 -> 0 | P11: =H11-M11 -> 0 | Q11: =I11-N11 -> 0
A12: =A11+1 -> 8 | I12: =G12-H12 -> 0 | N12: =L12-M12 -> 0 | O12: =G12-L12 -> 0 | P12: =H12-M12 -> 0 | Q12: =I12-N12 -> 0
A13: =A12+1 -> 9 | I13: =G13-H13 -> 0 | N13: =L13-M13 -> 0 | O13: =G13-L13 -> 0 | P13: =H13-M13 -> 0 | Q13: =I13-N13 -> 0
A14: =A13+1 -> 10 | I14: =G14-H14 -> 0 | N14: =L14-M14 -> 0 | O14: =G14-L14 -> 0 | P14: =H14-M14 -> 0 | Q14: =I14-N14 -> 0
A15: =A14+1 -> 11 | I15: =G15-H15 -> 0 | N15: =L15-M15 -> 0 | O15: =G15-L15 -> 0 | P15: =H15-M15 -> 0 | Q15: =I15-N15 -> 0
A16: =A15+1 -> 12 | I16: =G16-H16 -> 0 | N16: =L16-M16 -> 0 | O16: =G16-L16 -> 0 | P16: =H16-M16 -> 0 | Q16: =I16-N16 -> 0
A17: =A16+1 -> 13 | I17: =G17-H17 -> 0 | N17: =L17-M17 -> 0 | O17: =G17-L17 -> 0 | P17: =H17-M17 -> 0 | Q17: =I17-N17 -> 0
... A175: =A174+1 -> 171 | I175: =G175-H175 -> 0 | N175: =L175-M175 -> 0 | O175: =G175-L175 -> 0 | P175: =H175-M175 -> 0 | Q175: =I175-N175 -> 0
G177: Total | H177: =COUNTIF(I5:I175,">0") -> 0 | I177: =SUM(I5:I175)/1000 -> 0 | M177: Total | N177: =SUM(N5:N175)/1000 -> 0 | P177: Deviasi | Q177: =I177-N177 -> 0
Q178: =Q177/N177 -> #DIV/0!
A180: Dibuat oleh : | G180: Diperiksa dan disetujui oleh :
A181: PT Talenta Bumi | G181: PT Merge Mining Industri
A186: Syarfiatul Uzma | H186: Syella Wu
A187: Staff Engineering | H187: Finance & Accounting

Sheet 2
A1: PT Talenta Bumi | I1: MRG
A2: REKAPITULASI COAL HAULING DARI PT. MERGE MINING INDUSTRI KE PELABUHAN | K2: TIMBANGAN MERGE (KG)
A3: TGL : | B3: ='1'!B3+1 -> 46144
A4: No | B4: Ticket No | C4: Unit ID | D4: Date Out | E4: Time Out | F4: Shipper | G4: Gross | H4: Tare | I4: Netto | K4: ID Slip Timbangan | L4: Gross | M4: Tare | N4: Netto
A5: 1 | I5: =G5-H5 -> 0 | N5: =L5-M5 -> 0 | O5: =G5-L5 -> 0 | P5: =H5-M5 -> 0 | Q5: =I5-N5 -> 0
A6: =A5+1 -> 2 | I6: =G6-H6 -> 0 | N6: =L6-M6 -> 0 | O6: =G6-L6 -> 0 | P6: =H6-M6 -> 0 | Q6: =I6-N6 -> 0
A7: =A6+1 -> 3 | I7: =G7-H7 -> 0 | N7: =L7-M7 -> 0 | O7: =G7-L7 -> 0 | P7: =H7-M7 -> 0 | Q7: =I7-N7 -> 0
A8: =A7+1 -> 4 | I8: =G8-H8 -> 0 | N8: =L8-M8 -> 0 | O8: =G8-L8 -> 0 | P8: =H8-M8 -> 0 | Q8: =I8-N8 -> 0
A9: =A8+1 -> 5 | I9: =G9-H9 -> 0 | N9: =L9-M9 -> 0 | O9: =G9-L9 -> 0 | P9: =H9-M9 -> 0 | Q9: =I9-N9 -> 0
A10: =A9+1 -> 6 | I10: =G10-H10 -> 0 | N10: =L10-M10 -> 0 | O10: =G10-L10 -> 0 | P10: =H10-M10 -> 0 | Q10: =I10-N10 -> 0
A11: =A10+1 -> 7 | I11: =G11-H11 -> 0 | N11: =L11-M11 -> 0 | O11: =G11-L11 -> 0 | P11: =H11-M11 -> 0 | Q11: =I11-N11 -> 0
A12: =A11+1 -> 8 | I12: =G12-H12 -> 0 | N12: =L12-M12 -> 0 | O12: =G12-L12 -> 0 | P12: =H12-M12 -> 0 | Q12: =I12-N12 -> 0
A13: =A12+1 -> 9 | I13: =G13-H13 -> 0 | N13: =L13-M13 -> 0 | O13: =G13-L13 -> 0 | P13: =H13-M13 -> 0 | Q13: =I13-N13 -> 0
A14: =A13+1 -> 10 | I14: =G14-H14 -> 0 | N14: =L14-M14 -> 0 | O14: =G14-L14 -> 0 | P14: =H14-M14 -> 0 | Q14: =I14-N14 -> 0
A15: =A14+1 -> 11 | I15: =G15-H15 -> 0 | N15: =L15-M15 -> 0 | O15: =G15-L15 -> 0 | P15: =H15-M15 -> 0 | Q15: =I15-N15 -> 0
A16: =A15+1 -> 12 | I16: =G16-H16 -> 0 | N16: =L16-M16 -> 0 | O16: =G16-L16 -> 0 | P16: =H16-M16 -> 0 | Q16: =I16-N16 -> 0
A17: =A16+1 -> 13 | I17: =G17-H17 -> 0 | N17: =L17-M17 -> 0 | O17: =G17-L17 -> 0 | P17: =H17-M17 -> 0 | Q17: =I17-N17 -> 0
... A204: =A203+1 -> 200 | I204: =G204-H204 -> 0 | N204: =L204-M204 -> 0 | O204: =G204-L204 -> 0 | P204: =H204-M204 -> 0 | Q204: =I204-N204 -> 0
G206: Total | H206: =COUNTIF(I5:I204,">0") -> 0 | I206: =SUM(I5:I204)/1000 -> 0 | M206: Total | N206: =SUM(N5:N204)/1000 -> 0 | P206: Deviasi | Q206: =I206-N206 -> 0
Q207: =Q206/N206 -> #DIV/0!
A209: Dibuat oleh : | G209: Diperiksa dan disetujui oleh :
A210: PT Talenta Bumi | G210: PT Merge Mining Industri
A215: Syarfiatul Uzma | H215: Syella Wu
A216: Staff Engineering | H216: Finance & Accounting

Sheet 3
A1: PT Talenta Bumi | I1: MRG
A2: REKAPITULASI COAL HAULING DARI PT. MERGE MINING INDUSTRI KE PELABUHAN | K2: TIMBANGAN MERGE (KG)
A3: TGL : | B3: ='2'!B3+1 -> 46145
A4: No | B4: Ticket No | C4: Unit ID | D4: Date Out | E4: Time Out | F4: Shipper | G4: Gross | H4: Tare | I4: Netto | K4: ID Slip Timbangan | L4: Gross | M4: Tare | N4: Netto
A5: 1 | I5: =G5-H5 -> 0 | N5: =L5-M5 -> 0 | O5: =G5-L5 -> 0 | P5: =H5-M5 -> 0 | Q5: =I5-N5 -> 0
A6: =A5+1 -> 2 | I6: =G6-H6 -> 0 | N6: =L6-M6 -> 0 | O6: =G6-L6 -> 0 | P6: =H6-M6 -> 0 | Q6: =I6-N6 -> 0
A7: =A6+1 -> 3 | I7: =G7-H7 -> 0 | N7: =L7-M7 -> 0 | O7: =G7-L7 -> 0 | P7: =H7-M7 -> 0 | Q7: =I7-N7 -> 0
A8: =A7+1 -> 4 | I8: =G8-H8 -> 0 | N8: =L8-M8 -> 0 | O8: =G8-L8 -> 0 | P8: =H8-M8 -> 0 | Q8: =I8-N8 -> 0
A9: =A8+1 -> 5 | I9: =G9-H9 -> 0 | N9: =L9-M9 -> 0 | O9: =G9-L9 -> 0 | P9: =H9-M9 -> 0 | Q9: =I9-N9 -> 0
A10: =A9+1 -> 6 | I10: =G10-H10 -> 0 | N10: =L10-M10 -> 0 | O10: =G10-L10 -> 0 | P10: =H10-M10 -> 0 | Q10: =I10-N10 -> 0
A11: =A10+1 -> 7 | I11: =G11-H11 -> 0 | N11: =L11-M11 -> 0 | O11: =G11-L11 -> 0 | P11: =H11-M11 -> 0 | Q11: =I11-N11 -> 0
A12: =A11+1 -> 8 | I12: =G12-H12 -> 0 | N12: =L12-M12 -> 0 | O12: =G12-L12 -> 0 | P12: =H12-M12 -> 0 | Q12: =I12-N12 -> 0
A13: =A12+1 -> 9 | I13: =G13-H13 -> 0 | N13: =L13-M13 -> 0 | O13: =G13-L13 -> 0 | P13: =H13-M13 -> 0 | Q13: =I13-N13 -> 0
A14: =A13+1 -> 10 | I14: =G14-H14 -> 0 | N14: =L14-M14 -> 0 | O14: =G14-L14 -> 0 | P14: =H14-M14 -> 0 | Q14: =I14-N14 -> 0
A15: =A14+1 -> 11 | I15: =G15-H15 -> 0 | N15: =L15-M15 -> 0 | O15: =G15-L15 -> 0 | P15: =H15-M15 -> 0 | Q15: =I15-N15 -> 0
A16: =A15+1 -> 12 | I16: =G16-H16 -> 0 | N16: =L16-M16 -> 0 | O16: =G16-L16 -> 0 | P16: =H16-M16 -> 0 | Q16: =I16-N16 -> 0
A17: =A16+1 -> 13 | I17: =G17-H17 -> 0 | N17: =L17-M17 -> 0 | O17: =G17-L17 -> 0 | P17: =H17-M17 -> 0 | Q17: =I17-N17 -> 0
... A204: =A203+1 -> 200 | I204: =G204-H204 -> 0 | N204: =L204-M204 -> 0 | O204: =G204-L204 -> 0 | P204: =H204-M204 -> 0 | Q204: =I204-N204 -> 0
G206: Total | H206: =COUNTIF(I5:I204,">0") -> 0 | I206: =SUM(I5:I204)/1000 -> 0 | M206: Total | N206: =SUM(N5:N204)/1000 -> 0 | P206: Deviasi | Q206: =I206-N206 -> 0
Q207: =Q206/N206 -> #DIV/0!
A209: Dibuat oleh : | G209: Diperiksa dan disetujui oleh :
A210: PT Talenta Bumi | G210: PT Merge Mining Industri
A215: Syarfiatul Uzma | H215: Syella Wu
A216: Staff Engineering | H216: Finance & Accounting

Sheet 4
A1: PT Talenta Bumi | I1: MRG
A2: REKAPITULASI COAL HAULING DARI PT. MERGE MINING INDUSTRI KE PELABUHAN | K2: TIMBANGAN MERGE (KG)
A3: TGL : | B3: ='3'!B3+1 -> 46146
A4: No | B4: Ticket No | C4: Unit ID | D4: Date Out | E4: Time Out | F4: Shipper | G4: Gross | H4: Tare | I4: Netto | K4: ID Slip Timbangan | L4: Gross | M4: Tare | N4: Netto
A5: 1 | I5: =G5-H5 -> 0 | N5: =L5-M5 -> 0 | O5: =G5-L5 -> 0 | P5: =H5-M5 -> 0 | Q5: =I5-N5 -> 0
A6: =A5+1 -> 2 | I6: =G6-H6 -> 0 | N6: =L6-M6 -> 0 | O6: =G6-L6 -> 0 | P6: =H6-M6 -> 0 | Q6: =I6-N6 -> 0
A7: =A6+1 -> 3 | I7: =G7-H7 -> 0 | N7: =L7-M7 -> 0 | O7: =G7-L7 -> 0 | P7: =H7-M7 -> 0 | Q7: =I7-N7 -> 0
A8: =A7+1 -> 4 | I8: =G8-H8 -> 0 | N8: =L8-M8 -> 0 | O8: =G8-L8 -> 0 | P8: =H8-M8 -> 0 | Q8: =I8-N8 -> 0
A9: =A8+1 -> 5 | I9: =G9-H9 -> 0 | N9: =L9-M9 -> 0 | O9: =G9-L9 -> 0 | P9: =H9-M9 -> 0 | Q9: =I9-N9 -> 0
A10: =A9+1 -> 6 | I10: =G10-H10 -> 0 | N10: =L10-M10 -> 0 | O10: =G10-L10 -> 0 | P10: =H10-M10 -> 0 | Q10: =I10-N10 -> 0
A11: =A10+1 -> 7 | I11: =G11-H11 -> 0 | N11: =L11-M11 -> 0 | O11: =G11-L11 -> 0 | P11: =H11-M11 -> 0 | Q11: =I11-N11 -> 0
A12: =A11+1 -> 8 | I12: =G12-H12 -> 0 | N12: =L12-M12 -> 0 | O12: =G12-L12 -> 0 | P12: =H12-M12 -> 0 | Q12: =I12-N12 -> 0
A13: =A12+1 -> 9 | I13: =G13-H13 -> 0 | N13: =L13-M13 -> 0 | O13: =G13-L13 -> 0 | P13: =H13-M13 -> 0 | Q13: =I13-N13 -> 0
A14: =A13+1 -> 10 | I14: =G14-H14 -> 0 | N14: =L14-M14 -> 0 | O14: =G14-L14 -> 0 | P14: =H14-M14 -> 0 | Q14: =I14-N14 -> 0
A15: =A14+1 -> 11 | I15: =G15-H15 -> 0 | N15: =L15-M15 -> 0 | O15: =G15-L15 -> 0 | P15: =H15-M15 -> 0 | Q15: =I15-N15 -> 0
A16: =A15+1 -> 12 | I16: =G16-H16 -> 0 | N16: =L16-M16 -> 0 | O16: =G16-L16 -> 0 | P16: =H16-M16 -> 0 | Q16: =I16-N16 -> 0
A17: =A16+1 -> 13 | I17: =G17-H17 -> 0 | N17: =L17-M17 -> 0 | O17: =G17-L17 -> 0 | P17: =H17-M17 -> 0 | Q17: =I17-N17 -> 0
... A204: =A203+1 -> 200 | I204: =G204-H204 -> 0 | N204: =L204-M204 -> 0 | O204: =G204-L204 -> 0 | P204: =H204-M204 -> 0 | Q204: =I204-N204 -> 0
G206: Total | H206: =COUNTIF(I5:I204,">0") -> 0 | I206: =SUM(I5:I204)/1000 -> 0 | M206: Total | N206: =SUM(N5:N204)/1000 -> 0 | P206: Deviasi | Q206: =I206-N206 -> 0
Q207: =Q206/N206 -> #DIV/0!
A209: Dibuat oleh : | G209: Diperiksa dan disetujui oleh :
A210: PT Talenta Bumi | G210: PT Merge Mining Industri
A215: Syarfiatul Uzma | H215: Syella Wu
A216: Staff Engineering | H216: Finance & Accounting

Sheet 5
A1: PT Talenta Bumi | I1: MRG
A2: REKAPITULASI COAL HAULING DARI PT. MERGE MINING INDUSTRI KE PELABUHAN | K2: TIMBANGAN MERGE (KG)
A3: TGL : | B3: ='4'!B3+1 -> 46147
A4: No | B4: Ticket No | C4: Unit ID | D4: Date Out | E4: Time Out | F4: Shipper | G4: Gross | H4: Tare | I4: Netto | K4: ID Slip Timbangan | L4: Gross | M4: Tare | N4: Netto
A5: 1 | I5: =G5-H5 -> 0 | N5: =L5-M5 -> 0 | O5: =G5-L5 -> 0 | P5: =H5-M5 -> 0 | Q5: =I5-N5 -> 0
A6: =A5+1 -> 2 | I6: =G6-H6 -> 0 | N6: =L6-M6 -> 0 | O6: =G6-L6 -> 0 | P6: =H6-M6 -> 0 | Q6: =I6-N6 -> 0
A7: =A6+1 -> 3 | I7: =G7-H7 -> 0 | N7: =L7-M7 -> 0 | O7: =G7-L7 -> 0 | P7: =H7-M7 -> 0 | Q7: =I7-N7 -> 0
A8: =A7+1 -> 4 | I8: =G8-H8 -> 0 | N8: =L8-M8 -> 0 | O8: =G8-L8 -> 0 | P8: =H8-M8 -> 0 | Q8: =I8-N8 -> 0
A9: =A8+1 -> 5 | I9: =G9-H9 -> 0 | N9: =L9-M9 -> 0 | O9: =G9-L9 -> 0 | P9: =H9-M9 -> 0 | Q9: =I9-N9 -> 0
A10: =A9+1 -> 6 | I10: =G10-H10 -> 0 | N10: =L10-M10 -> 0 | O10: =G10-L10 -> 0 | P10: =H10-M10 -> 0 | Q10: =I10-N10 -> 0
A11: =A10+1 -> 7 | I11: =G11-H11 -> 0 | N11: =L11-M11 -> 0 | O11: =G11-L11 -> 0 | P11: =H11-M11 -> 0 | Q11: =I11-N11 -> 0
A12: =A11+1 -> 8 | I12: =G12-H12 -> 0 | N12: =L12-M12 -> 0 | O12: =G12-L12 -> 0 | P12: =H12-M12 -> 0 | Q12: =I12-N12 -> 0
A13: =A12+1 -> 9 | I13: =G13-H13 -> 0 | N13: =L13-M13 -> 0 | O13: =G13-L13 -> 0 | P13: =H13-M13 -> 0 | Q13: =I13-N13 -> 0
A14: =A13+1 -> 10 | I14: =G14-H14 -> 0 | N14: =L14-M14 -> 0 | O14: =G14-L14 -> 0 | P14: =H14-M14 -> 0 | Q14: =I14-N14 -> 0
A15: =A14+1 -> 11 | I15: =G15-H15 -> 0 | N15: =L15-M15 -> 0 | O15: =G15-L15 -> 0 | P15: =H15-M15 -> 0 | Q15: =I15-N15 -> 0
A16: =A15+1 -> 12 | I16: =G16-H16 -> 0 | N16: =L16-M16 -> 0 | O16: =G16-L16 -> 0 | P16: =H16-M16 -> 0 | Q16: =I16-N16 -> 0
A17: =A16+1 -> 13 | I17: =G17-H17 -> 0 | N17: =L17-M17 -> 0 | O17: =G17-L17 -> 0 | P17: =H17-M17 -> 0 | Q17: =I17-N17 -> 0
... A204: =A203+1 -> 200 | I204: =G204-H204 -> 0 | N204: =L204-M204 -> 0 | O204: =G204-L204 -> 0 | P204: =H204-M204 -> 0 | Q204: =I204-N204 -> 0
G206: Total | H206: =COUNTIF(I5:I204,">0") -> 0 | I206: =SUM(I5:I204)/1000 -> 0 | M206: Total | N206: =SUM(N5:N204)/1000 -> 0 | P206: Deviasi | Q206: =I206-N206 -> 0
Q207: =Q206/N206 -> #DIV/0!
A209: Dibuat oleh : | G209: Diperiksa dan disetujui oleh :
A210: PT Talenta Bumi | G210: PT Merge Mining Industri
A215: Syarfiatul Uzma | H215: Syella Wu
A216: Staff Engineering | H216: Finance & Accounting

Sheet 6
A1: PT Talenta Bumi | I1: MRG
A2: REKAPITULASI COAL HAULING DARI PT. MERGE MINING INDUSTRI KE PELABUHAN | K2: TIMBANGAN MERGE (KG)
A3: TGL : | B3: ='5'!B3+1 -> 46148
A4: No | B4: Ticket No | C4: Unit ID | D4: Date Out | E4: Time Out | F4: Shipper | G4: Gross | H4: Tare | I4: Netto | K4: ID Slip Timbangan | L4: Gross | M4: Tare | N4: Netto
A5: 1 | I5: =G5-H5 -> 0 | N5: =L5-M5 -> 0 | O5: =G5-L5 -> 0 | P5: =H5-M5 -> 0 | Q5: =I5-N5 -> 0
A6: =A5+1 -> 2 | I6: =G6-H6 -> 0 | N6: =L6-M6 -> 0 | O6: =G6-L6 -> 0 | P6: =H6-M6 -> 0 | Q6: =I6-N6 -> 0
A7: =A6+1 -> 3 | I7: =G7-H7 -> 0 | N7: =L7-M7 -> 0 | O7: =G7-L7 -> 0 | P7: =H7-M7 -> 0 | Q7: =I7-N7 -> 0
A8: =A7+1 -> 4 | I8: =G8-H8 -> 0 | N8: =L8-M8 -> 0 | O8: =G8-L8 -> 0 | P8: =H8-M8 -> 0 | Q8: =I8-N8 -> 0
A9: =A8+1 -> 5 | I9: =G9-H9 -> 0 | N9: =L9-M9 -> 0 | O9: =G9-L9 -> 0 | P9: =H9-M9 -> 0 | Q9: =I9-N9 -> 0
A10: =A9+1 -> 6 | I10: =G10-H10 -> 0 | N10: =L10-M10 -> 0 | O10: =G10-L10 -> 0 | P10: =H10-M10 -> 0 | Q10: =I10-N10 -> 0
A11: =A10+1 -> 7 | I11: =G11-H11 -> 0 | N11: =L11-M11 -> 0 | O11: =G11-L11 -> 0 | P11: =H11-M11 -> 0 | Q11: =I11-N11 -> 0
A12: =A11+1 -> 8 | I12: =G12-H12 -> 0 | N12: =L12-M12 -> 0 | O12: =G12-L12 -> 0 | P12: =H12-M12 -> 0 | Q12: =I12-N12 -> 0
A13: =A12+1 -> 9 | I13: =G13-H13 -> 0 | N13: =L13-M13 -> 0 | O13: =G13-L13 -> 0 | P13: =H13-M13 -> 0 | Q13: =I13-N13 -> 0
A14: =A13+1 -> 10 | I14: =G14-H14 -> 0 | N14: =L14-M14 -> 0 | O14: =G14-L14 -> 0 | P14: =H14-M14 -> 0 | Q14: =I14-N14 -> 0
A15: =A14+1 -> 11 | I15: =G15-H15 -> 0 | N15: =L15-M15 -> 0 | O15: =G15-L15 -> 0 | P15: =H15-M15 -> 0 | Q15: =I15-N15 -> 0
A16: =A15+1 -> 12 | I16: =G16-H16 -> 0 | N16: =L16-M16 -> 0 | O16: =G16-L16 -> 0 | P16: =H16-M16 -> 0 | Q16: =I16-N16 -> 0
A17: =A16+1 -> 13 | I17: =G17-H17 -> 0 | N17: =L17-M17 -> 0 | O17: =G17-L17 -> 0 | P17: =H17-M17 -> 0 | Q17: =I17-N17 -> 0
... A204: =A203+1 -> 200 | I204: =G204-H204 -> 0 | N204: =L204-M204 -> 0 | O204: =G204-L204 -> 0 | P204: =H204-M204 -> 0 | Q204: =I204-N204 -> 0
G206: Total | H206: =COUNTIF(I5:I204,">0") -> 0 | I206: =SUM(I5:I204)/1000 -> 0 | M206: Total | N206: =SUM(N5:N204)/1000 -> 0 | P206: Deviasi | Q206: =I206-N206 -> 0
Q207: =Q206/N206 -> #DIV/0!
A209: Dibuat oleh : | G209: Diperiksa dan disetujui oleh :
A210: PT Talenta Bumi | G210: PT Merge Mining Industri
A215: Syarfiatul Uzma | H215: Syella Wu
A216: Staff Engineering | H216: Finance & Accounting

Sheet 26
A1: PT Talenta Bumi | I1: MRG
A2: REKAPITULASI COAL HAULING DARI PT. MERGE MINING INDUSTRI KE PELABUHAN
A3: TGL : | B3: 46168
A4: No | B4: Ticket No | C4: Unit ID | D4: Date Out | E4: Time Out | F4: Shipper | G4: Gross | H4: Tare | I4: Netto
A5: 1 | B5: TB02-26/05/26/00067 | C5: PJM014 | D5: 46168 | E5: 12:27 | F5: MMI | G5: 46980 | H5: 14790 | I5: =G5-H5 -> 32190
A6: =A5+1 -> 2 | B6: TB02-26/05/26/00068 | C6: PJM108 | D6: 46168 | E6: 12:35 | F6: MMI | G6: 51580 | H6: 18180 | I6: =G6-H6 -> 33400
A7: =A6+1 -> 3 | B7: TB02-26/05/26/00070 | C7: PJM109 | D7: 46168 | E7: 12:39 | F7: MMI | G7: 50440 | H7: 18470 | I7: =G7-H7 -> 31970
A8: =A7+1 -> 4 | B8: TB02-26/05/26/00071 | C8: PJM005 | D8: 46168 | E8: 12:43 | F8: MMI | G8: 45160 | H8: 14460 | I8: =G8-H8 -> 30700
A9: =A8+1 -> 5 | B9: TB02-26/05/26/00072 | C9: PJM019 | D9: 46168 | E9: 12:44 | F9: MMI | G9: 45180 | H9: 14340 | I9: =G9-H9 -> 30840
A10: =A9+1 -> 6 | B10: TB02-26/05/26/00075 | C10: PJM031 | D10: 46168 | E10: 12:49 | F10: MMI | G10: 46640 | H10: 14970 | I10: =G10-H10 -> 31670
A11: =A10+1 -> 7 | B11: TB02-26/05/26/00080 | C11: PJM140 | D11: 46168 | E11: 13:01 | F11: MMI | G11: 44440 | H11: 14420 | I11: =G11-H11 -> 30020
A12: =A11+1 -> 8 | B12: TB02-26/05/26/00081 | C12: PJM138 | D12: 46168 | E12: 13:01 | F12: MMI | G12: 45560 | H12: 15390 | I12: =G12-H12 -> 30170
A13: =A12+1 -> 9 | B13: TB02-26/05/26/00085 | C13: PJM135 | D13: 46168 | E13: 13:35 | F13: MMI | G13: 48790 | H13: 14660 | I13: =G13-H13 -> 34130
A14: =A13+1 -> 10 | B14: TB02-26/05/26/00086 | C14: PJM115 | D14: 46168 | E14: 13:37 | F14: MMI | G14: 49180 | H14: 17210 | I14: =G14-H14 -> 31970
A15: =A14+1 -> 11 | B15: TB02-26/05/26/00087 | C15: PJM151 | D15: 46168 | E15: 13:46 | F15: MMI | G15: 46020 | H15: 16060 | I15: =G15-H15 -> 29960
A16: =A15+1 -> 12 | B16: TB02-26/05/26/00088 | C16: PJM063 | D16: 46168 | E16: 13:47 | F16: MMI | G16: 47340 | H16: 15830 | I16: =G16-H16 -> 31510
A17: =A16+1 -> 13 | B17: TB02-26/05/26/00093 | C17: PJM003 | D17: 46168 | E17: 14:09 | F17: MMI | G17: 45520 | H17: 14660 | I17: =G17-H17 -> 30860
... A41: =A40+1 -> 37 | B41: TB02-26/05/26/00146 | C41: PJM154 | D41: 46168 | E41: 19:12 | F41: MMI | G41: 69070 | H41: 24240 | I41: =G41-H41 -> 44830
G43: Total | H43: =COUNTIF(I5:I41,">0") -> 37 | I43: =SUM(I5:I41)/1000 -> 1191.85
A46: Dibuat oleh : | G46: Diperiksa dan disetujui oleh :
A47: PT Talenta Bumi | G47: PT Merge Mining Industri
A52: Syarfiatul Uzma | H52: Syella Wu
A53: Staff Engineering | H53: Finance & Accounting
