Workbook

Sheet Jetty Data
A1: No. | B1: Kode DT | C1: Brute | D1: Tare | E1: Netto | F1: Jam Tiba
A2: 1 | B2: HJI 620 | C2: 47120 | D2: 14730 | E2: 32390 | F2: 0.54652778
A3: 2 | B3: HJI 615 | C3: 49780 | D3: 15330 | E3: 34450 | F3: 0.54722222
A4: 3 | B4: HJI 624 | C4: 50200 | D4: 15590 | E4: 34610 | F4: 0.54791667
A5: 4 | B5: HJI 629 | C5: 46610 | D5: 14080 | E5: 32530 | F5: 0.54930556
A6: 5 | B6: HJI 604 | C6: 46870 | D6: 15090 | E6: 31780 | F6: 0.55
A7: 6 | B7: HJI 600 | C7: 50030 | D7: 15730 | E7: 34300 | F7: 0.55069444
A8: 7 | B8: HJI 610 | C8: 48240 | D8: 15280 | E8: 32960 | F8: 0.55138889
A9: 8 | B9: HJI 410 | C9: 48130 | D9: 15450 | E9: 32680 | F9: 0.55069444
A10: 9 | B10: HJI 069 | C10: 47290 | D10: 15360 | E10: 31930 | F10: 0.55277778
A11: 10 | B11: HJI 325 | C11: 48160 | D11: 15020 | E11: 33140 | F11: 0.55347222
A12: 11 | B12: HJI 067 | C12: 48780 | D12: 15380 | E12: 33400 | F12: 0.55416667
A13: 12 | B13: HJI 290 | C13: 50790 | D13: 15090 | E13: 35700 | F13: 0.55486111
... A142: 141 | B142: HJI 036 | C142: 48300 | D142: 15080 | E142: 33220 | F142: 0.62638889

Sheet Data Site
A1: No Lambung | B1: Jam Masuk (WITA) | C1: Jam Keluar (WITA) | D1: Gross Site (KG) | E1: Tare Site (KG) | F1: Netto Site (KG) | G1: Cuaca (MMI) | H1: Coal quality
A2: HJI 325 | B2: 0.35069444 | C2: 0.36111111 | D2: 48700 | E2: 15020 | F2: 33680 | G2: 晴(Cerah) | H2: 精煤
A3: HJI 069 | B3: 0.35138889 | C3: 0.37013889 | D3: 47770 | E3: 15360 | F3: 32410 | G3: 晴(Cerah) | H3: 精煤
A4: HJI 289 | B4: 0.35277778 | C4: 0.37291667 | D4: 50230 | E4: 15930 | F4: 34300 | G4: 晴(Cerah) | H4: 精煤
A5: HJI 519 | B5: 0.35208333 | C5: 0.37430556 | D5: 47660 | E5: 14980 | F5: 32680 | G5: 晴(Cerah) | H5: 精煤
A6: HJI 410 | B6: 0.35347222 | C6: 0.40277778 | D6: 48450 | E6: 15450 | F6: 33000 | G6: 晴(Cerah) | H6: 精煤
A7: HJI 067 | B7: 0.35277778 | C7: 0.38055556 | D7: 49310 | E7: 15380 | F7: 33930 | G7: 晴(Cerah) | H7: 精煤
A8: HJI 290 | B8: 0.35416667 | C8: 0.38611111 | D8: 51180 | E8: 15090 | F8: 36090 | G8: 晴(Cerah) | H8: 精煤
A9: HJI 615 | B9: 0.35486111 | C9: 0.38819444 | D9: 50620 | E9: 15330 | F9: 35290 | G9: 晴(Cerah) | H9: 精煤
A10: HJI 624 | B10: 0.35486111 | C10: 0.39375 | D10: 50660 | E10: 15590 | F10: 35070 | G10: 晴(Cerah) | H10: 精煤
A11: HJI 600 | B11: 0.35555556 | C11: 0.40069444 | D11: 50530 | E11: 15730 | F11: 34800 | G11: 晴(Cerah) | H11: 精煤
A12: HJI 042 | B12: 0.39513889 | C12: 0.40555556 | D12: 48240 | E12: 13900 | F12: 34340 | G12: 晴(Cerah) | H12: 精煤
A13: HJI 629 | B13: 0.39513889 | C13: 0.40694444 | D13: 47000 | E13: 14080 | F13: 32920 | G13: 晴(Cerah) | H13: 精煤
... A142: HJI 036 | B142: 0.81111111 | C142: 0.81736111 | D142: 48660 | E142: 15080 | F142: 33580 | G142: 晴(Cerah) | H142: 精煤

Sheet Compiled
A1: No | B1: No Lambung | C1: Site: Jam Masuk | D1: Site: Jam Keluar | E1: Site: Gross (KG) | F1: Site: Tare (KG) | G1: Site: Netto (KG) | H1: Site: Cuaca | I1: Site: Coal Quality | J1: Jetty: Brute | K1: Jetty: Tare | L1: Jetty: Netto | M1: Jetty: Jam Tiba
A2: 1 | B2: ='Data Site'!A2 -> HJI 325 | C2: ='Data Site'!B2 -> 0.35069444 | D2: ='Data Site'!C2 -> 0.36111111 | E2: ='Data Site'!D2 -> 48700 | F2: ='Data Site'!E2 -> 15020 | G2: ='Data Site'!F2 -> 33680 | H2: ='Data Site'!G2 -> 晴(Cerah) | I2: ='Data Site'!H2 -> 精煤 | J2: =IFERROR(_xlfn.XLOOKUP(SUBSTITUTE($B2,"AL ","HJI "),'Jetty Data'!$B$2:$B$142,'Jetty Data'!$C$2:$C$142,""),"-") -> 48160 | K2: =IFERROR(_xlfn.XLOOKUP(SUBSTITUTE($B2,"AL ","HJI "),'Jetty Data'!$B$2:$B$142,'Jetty Data'!$D$2:$D$142,""),"-") -> 15020 | L2: =IFERROR(_xlfn.XLOOKUP(SUBSTITUTE($B2,"AL ","HJI "),'Jetty Data'!$B$2:$B$142,'Jetty Data'!$E$2:$E$142,""),"-") -> 33140 | M2: =IFERROR(_xlfn.XLOOKUP(SUBSTITUTE($B2,"AL ","HJI "),'Jetty Data'!$B$2:$B$142,'Jetty Data'!$F$2:$F$142,""),"-") -> 0.55347222
A3: 2 | B3: ='Data Site'!A3 -> HJI 069 | C3: ='Data Site'!B3 -> 0.35138889 | D3: ='Data Site'!C3 -> 0.37013889 | E3: ='Data Site'!D3 -> 47770 | F3: ='Data Site'!E3 -> 15360 | G3: ='Data Site'!F3 -> 32410 | H3: ='Data Site'!G3 -> 晴(Cerah) | I3: ='Data Site'!H3 -> 精煤 | J3: =IFERROR(_xlfn.XLOOKUP(SUBSTITUTE($B3,"AL ","HJI "),'Jetty Data'!$B$2:$B$142,'Jetty Data'!$C$2:$C$142,""),"-") -> 47290 | K3: =IFERROR(_xlfn.XLOOKUP(SUBSTITUTE($B3,"AL ","HJI "),'Jetty Data'!$B$2:$B$142,'Jetty Data'!$D$2:$D$142,""),"-") -> 15360 | L3: =IFERROR(_xlfn.XLOOKUP(SUBSTITUTE($B3,"AL ","HJI "),'Jetty Data'!$B$2:$B$142,'Jetty Data'!$E$2:$E$142,""),"-") -> 31930 | M3: =IFERROR(_xlfn.XLOOKUP(SUBSTITUTE($B3,"AL ","HJI "),'Jetty Data'!$B$2:$B$142,'Jetty Data'!$F$2:$F$142,""),"-") -> 0.55277778
A4: 3 | B4: ='Data Site'!A4 -> HJI 289 | C4: ='Data Site'!B4 -> 0.35277778 | D4: ='Data Site'!C4 -> 0.37291667 | E4: ='Data Site'!D4 -> 50230 | F4: ='Data Site'!E4 -> 15930 | G4: ='Data Site'!F4 -> 34300 | H4: ='Data Site'!G4 -> 晴(Cerah) | I4: ='Data Site'!H4 -> 精煤 | J4: =IFERROR(_xlfn.XLOOKUP(SUBSTITUTE($B4,"AL ","HJI "),'Jetty Data'!$B$2:$B$142,'Jetty Data'!$C$2:$C$142,""),"-") -> 49930 | K4: =IFERROR(_xlfn.XLOOKUP(SUBSTITUTE($B4,"AL ","HJI "),'Jetty Data'!$B$2:$B$142,'Jetty Data'!$D$2:$D$142,""),"-") -> 15930 | L4: =IFERROR(_xlfn.XLOOKUP(SUBSTITUTE($B4,"AL ","HJI "),'Jetty Data'!$B$2:$B$142,'Jetty Data'!$E$2:$E$142,""),"-") -> 34000 | M4: =IFERROR(_xlfn.XLOOKUP(SUBSTITUTE($B4,"AL ","HJI "),'Jetty Data'!$B$2:$B$142,'Jetty Data'!$F$2:$F$142,""),"-") -> 0.65902778
A5: 4 | B5: ='Data Site'!A5 -> HJI 519 | C5: ='Data Site'!B5 -> 0.35208333 | D5: ='Data Site'!C5 -> 0.37430556 | E5: ='Data Site'!D5 -> 47660 | F5: ='Data Site'!E5 -> 14980 | G5: ='Data Site'!F5 -> 32680 | H5: ='Data Site'!G5 -> 晴(Cerah) | I5: ='Data Site'!H5 -> 精煤 | J5: =IFERROR(_xlfn.XLOOKUP(SUBSTITUTE($B5,"AL ","HJI "),'Jetty Data'!$B$2:$B$142,'Jetty Data'!$C$2:$C$142,""),"-") -> 47160 | K5: =IFERROR(_xlfn.XLOOKUP(SUBSTITUTE($B5,"AL ","HJI "),'Jetty Data'!$B$2:$B$142,'Jetty Data'!$D$2:$D$142,""),"-") -> 14980 | L5: =IFERROR(_xlfn.XLOOKUP(SUBSTITUTE($B5,"AL ","HJI "),'Jetty Data'!$B$2:$B$142,'Jetty Data'!$E$2:$E$142,""),"-") -> 32180 | M5: =IFERROR(_xlfn.XLOOKUP(SUBSTITUTE($B5,"AL ","HJI "),'Jetty Data'!$B$2:$B$142,'Jetty Data'!$F$2:$F$142,""),"-") -> 0.65972222
A6: 5 | B6: ='Data Site'!A6 -> HJI 410 | C6: ='Data Site'!B6 -> 0.35347222 | D6: ='Data Site'!C6 -> 0.40277778 | E6: ='Data Site'!D6 -> 48450 | F6: ='Data Site'!E6 -> 15450 | G6: ='Data Site'!F6 -> 33000 | H6: ='Data Site'!G6 -> 晴(Cerah) | I6: ='Data Site'!H6 -> 精煤 | J6: =IFERROR(_xlfn.XLOOKUP(SUBSTITUTE($B6,"AL ","HJI "),'Jetty Data'!$B$2:$B$142,'Jetty Data'!$C$2:$C$142,""),"-") -> 48130 | K6: =IFERROR(_xlfn.XLOOKUP(SUBSTITUTE($B6,"AL ","HJI "),'Jetty Data'!$B$2:$B$142,'Jetty Data'!$D$2:$D$142,""),"-") -> 15450 | L6: =IFERROR(_xlfn.XLOOKUP(SUBSTITUTE($B6,"AL ","HJI "),'Jetty Data'!$B$2:$B$142,'Jetty Data'!$E$2:$E$142,""),"-") -> 32680 | M6: =IFERROR(_xlfn.XLOOKUP(SUBSTITUTE($B6,"AL ","HJI "),'Jetty Data'!$B$2:$B$142,'Jetty Data'!$F$2:$F$142,""),"-") -> 0.55069444
A7: 6 | B7: ='Data Site'!A7 -> HJI 067 | C7: ='Data Site'!B7 -> 0.35277778 | D7: ='Data Site'!C7 -> 0.38055556 | E7: ='Data Site'!D7 -> 49310 | F7: ='Data Site'!E7 -> 15380 | G7: ='Data Site'!F7 -> 33930 | H7: ='Data Site'!G7 -> 晴(Cerah) | I7: ='Data Site'!H7 -> 精煤 | J7: =IFERROR(_xlfn.XLOOKUP(SUBSTITUTE($B7,"AL ","HJI "),'Jetty Data'!$B$2:$B$142,'Jetty Data'!$C$2:$C$142,""),"-") -> 48780 | K7: =IFERROR(_xlfn.XLOOKUP(SUBSTITUTE($B7,"AL ","HJI "),'Jetty Data'!$B$2:$B$142,'Jetty Data'!$D$2:$D$142,""),"-") -> 15380 | L7: =IFERROR(_xlfn.XLOOKUP(SUBSTITUTE($B7,"AL ","HJI "),'Jetty Data'!$B$2:$B$142,'Jetty Data'!$E$2:$E$142,""),"-") -> 33400 | M7: =IFERROR(_xlfn.XLOOKUP(SUBSTITUTE($B7,"AL ","HJI "),'Jetty Data'!$B$2:$B$142,'Jetty Data'!$F$2:$F$142,""),"-") -> 0.55416667
A8: 7 | B8: ='Data Site'!A8 -> HJI 290 | C8: ='Data Site'!B8 -> 0.35416667 | D8: ='Data Site'!C8 -> 0.38611111 | E8: ='Data Site'!D8 -> 51180 | F8: ='Data Site'!E8 -> 15090 | G8: ='Data Site'!F8 -> 36090 | H8: ='Data Site'!G8 -> 晴(Cerah) | I8: ='Data Site'!H8 -> 精煤 | J8: =IFERROR(_xlfn.XLOOKUP(SUBSTITUTE($B8,"AL ","HJI "),'Jetty Data'!$B$2:$B$142,'Jetty Data'!$C$2:$C$142,""),"-") -> 50790 | K8: =IFERROR(_xlfn.XLOOKUP(SUBSTITUTE($B8,"AL ","HJI "),'Jetty Data'!$B$2:$B$142,'Jetty Data'!$D$2:$D$142,""),"-") -> 15090 | L8: =IFERROR(_xlfn.XLOOKUP(SUBSTITUTE($B8,"AL ","HJI "),'Jetty Data'!$B$2:$B$142,'Jetty Data'!$E$2:$E$142,""),"-") -> 35700 | M8: =IFERROR(_xlfn.XLOOKUP(SUBSTITUTE($B8,"AL ","HJI "),'Jetty Data'!$B$2:$B$142,'Jetty Data'!$F$2:$F$142,""),"-") -> 0.55486111
A9: 8 | B9: ='Data Site'!A9 -> HJI 615 | C9: ='Data Site'!B9 -> 0.35486111 | D9: ='Data Site'!C9 -> 0.38819444 | E9: ='Data Site'!D9 -> 50620 | F9: ='Data Site'!E9 -> 15330 | G9: ='Data Site'!F9 -> 35290 | H9: ='Data Site'!G9 -> 晴(Cerah) | I9: ='Data Site'!H9 -> 精煤 | J9: =IFERROR(_xlfn.XLOOKUP(SUBSTITUTE($B9,"AL ","HJI "),'Jetty Data'!$B$2:$B$142,'Jetty Data'!$C$2:$C$142,""),"-") -> 49780 | K9: =IFERROR(_xlfn.XLOOKUP(SUBSTITUTE($B9,"AL ","HJI "),'Jetty Data'!$B$2:$B$142,'Jetty Data'!$D$2:$D$142,""),"-") -> 15330 | L9: =IFERROR(_xlfn.XLOOKUP(SUBSTITUTE($B9,"AL ","HJI "),'Jetty Data'!$B$2:$B$142,'Jetty Data'!$E$2:$E$142,""),"-") -> 34450 | M9: =IFERROR(_xlfn.XLOOKUP(SUBSTITUTE($B9,"AL ","HJI "),'Jetty Data'!$B$2:$B$142,'Jetty Data'!$F$2:$F$142,""),"-") -> 0.54722222
A10: 9 | B10: ='Data Site'!A10 -> HJI 624 | C10: ='Data Site'!B10 -> 0.35486111 | D10: ='Data Site'!C10 -> 0.39375 | E10: ='Data Site'!D10 -> 50660 | F10: ='Data Site'!E10 -> 15590 | G10: ='Data Site'!F10 -> 35070 | H10: ='Data Site'!G10 -> 晴(Cerah) | I10: ='Data Site'!H10 -> 精煤 | J10: =IFERROR(_xlfn.XLOOKUP(SUBSTITUTE($B10,"AL ","HJI "),'Jetty Data'!$B$2:$B$142,'Jetty Data'!$C$2:$C$142,""),"-") -> 50200 | K10: =IFERROR(_xlfn.XLOOKUP(SUBSTITUTE($B10,"AL ","HJI "),'Jetty Data'!$B$2:$B$142,'Jetty Data'!$D$2:$D$142,""),"-") -> 15590 | L10: =IFERROR(_xlfn.XLOOKUP(SUBSTITUTE($B10,"AL ","HJI "),'Jetty Data'!$B$2:$B$142,'Jetty Data'!$E$2:$E$142,""),"-") -> 34610 | M10: =IFERROR(_xlfn.XLOOKUP(SUBSTITUTE($B10,"AL ","HJI "),'Jetty Data'!$B$2:$B$142,'Jetty Data'!$F$2:$F$142,""),"-") -> 0.54791667
A11: 10 | B11: ='Data Site'!A11 -> HJI 600 | C11: ='Data Site'!B11 -> 0.35555556 | D11: ='Data Site'!C11 -> 0.40069444 | E11: ='Data Site'!D11 -> 50530 | F11: ='Data Site'!E11 -> 15730 | G11: ='Data Site'!F11 -> 34800 | H11: ='Data Site'!G11 -> 晴(Cerah) | I11: ='Data Site'!H11 -> 精煤 | J11: =IFERROR(_xlfn.XLOOKUP(SUBSTITUTE($B11,"AL ","HJI "),'Jetty Data'!$B$2:$B$142,'Jetty Data'!$C$2:$C$142,""),"-") -> 50030 | K11: =IFERROR(_xlfn.XLOOKUP(SUBSTITUTE($B11,"AL ","HJI "),'Jetty Data'!$B$2:$B$142,'Jetty Data'!$D$2:$D$142,""),"-") -> 15730 | L11: =IFERROR(_xlfn.XLOOKUP(SUBSTITUTE($B11,"AL ","HJI "),'Jetty Data'!$B$2:$B$142,'Jetty Data'!$E$2:$E$142,""),"-") -> 34300 | M11: =IFERROR(_xlfn.XLOOKUP(SUBSTITUTE($B11,"AL ","HJI "),'Jetty Data'!$B$2:$B$142,'Jetty Data'!$F$2:$F$142,""),"-") -> 0.55069444
A12: 11 | B12: ='Data Site'!A12 -> HJI 042 | C12: ='Data Site'!B12 -> 0.39513889 | D12: ='Data Site'!C12 -> 0.40555556 | E12: ='Data Site'!D12 -> 48240 | F12: ='Data Site'!E12 -> 13900 | G12: ='Data Site'!F12 -> 34340 | H12: ='Data Site'!G12 -> 晴(Cerah) | I12: ='Data Site'!H12 -> 精煤 | J12: =IFERROR(_xlfn.XLOOKUP(SUBSTITUTE($B12,"AL ","HJI "),'Jetty Data'!$B$2:$B$142,'Jetty Data'!$C$2:$C$142,""),"-") -> 47830 | K12: =IFERROR(_xlfn.XLOOKUP(SUBSTITUTE($B12,"AL ","HJI "),'Jetty Data'!$B$2:$B$142,'Jetty Data'!$D$2:$D$142,""),"-") -> 13900 | L12: =IFERROR(_xlfn.XLOOKUP(SUBSTITUTE($B12,"AL ","HJI "),'Jetty Data'!$B$2:$B$142,'Jetty Data'!$E$2:$E$142,""),"-") -> 33930 | M12: =IFERROR(_xlfn.XLOOKUP(SUBSTITUTE($B12,"AL ","HJI "),'Jetty Data'!$B$2:$B$142,'Jetty Data'!$F$2:$F$142,""),"-") -> 0.62152778
A13: 12 | B13: ='Data Site'!A13 -> HJI 629 | C13: ='Data Site'!B13 -> 0.39513889 | D13: ='Data Site'!C13 -> 0.40694444 | E13: ='Data Site'!D13 -> 47000 | F13: ='Data Site'!E13 -> 14080 | G13: ='Data Site'!F13 -> 32920 | H13: ='Data Site'!G13 -> 晴(Cerah) | I13: ='Data Site'!H13 -> 精煤 | J13: =IFERROR(_xlfn.XLOOKUP(SUBSTITUTE($B13,"AL ","HJI "),'Jetty Data'!$B$2:$B$142,'Jetty Data'!$C$2:$C$142,""),"-") -> 46610 | K13: =IFERROR(_xlfn.XLOOKUP(SUBSTITUTE($B13,"AL ","HJI "),'Jetty Data'!$B$2:$B$142,'Jetty Data'!$D$2:$D$142,""),"-") -> 14080 | L13: =IFERROR(_xlfn.XLOOKUP(SUBSTITUTE($B13,"AL ","HJI "),'Jetty Data'!$B$2:$B$142,'Jetty Data'!$E$2:$E$142,""),"-") -> 32530 | M13: =IFERROR(_xlfn.XLOOKUP(SUBSTITUTE($B13,"AL ","HJI "),'Jetty Data'!$B$2:$B$142,'Jetty Data'!$F$2:$F$142,""),"-") -> 0.54930556
... A142: 141 | B142: ='Data Site'!A142 -> HJI 036 | C142: ='Data Site'!B142 -> 0.81111111 | D142: ='Data Site'!C142 -> 0.81736111 | E142: ='Data Site'!D142 -> 48660 | F142: ='Data Site'!E142 -> 15080 | G142: ='Data Site'!F142 -> 33580 | H142: ='Data Site'!G142 -> 晴(Cerah) | I142: ='Data Site'!H142 -> 精煤 | J142: =IFERROR(_xlfn.XLOOKUP(SUBSTITUTE($B142,"AL ","HJI "),'Jetty Data'!$B$2:$B$142,'Jetty Data'!$C$2:$C$142,""),"-") -> 46750 | K142: =IFERROR(_xlfn.XLOOKUP(SUBSTITUTE($B142,"AL ","HJI "),'Jetty Data'!$B$2:$B$142,'Jetty Data'!$D$2:$D$142,""),"-") -> 15100 | L142: =IFERROR(_xlfn.XLOOKUP(SUBSTITUTE($B142,"AL ","HJI "),'Jetty Data'!$B$2:$B$142,'Jetty Data'!$E$2:$E$142,""),"-") -> 31650 | M142: =IFERROR(_xlfn.XLOOKUP(SUBSTITUTE($B142,"AL ","HJI "),'Jetty Data'!$B$2:$B$142,'Jetty Data'!$F$2:$F$142,""),"-") -> 0.68402778
